ID,c__ButtonCta,EAN,c__Ingredients,c__PdpLinkUrl,c__ProductType,UPC,c__aerinExclusive,c__age,c__alternateButtonLabel,c__basecode,c__batteryLife,c__batteryType,c__bootType,c__bottomType,brand,c__collection,c__color,c__colorName,c__condition,c__consoleWarranty,c__crossSells,c__customCSSFile,c__customLabel,c__digitalCameraFeatures,c__digitalCameraPixels,c__digitalCameraType,c__digitalCameraWarranty,c__dimDepth,c__dimHeight,c__dimWeight,c__dimWidth,c__displaySize,c__enableWhiteGloveDelivery,c__expectedShipDate,c__facebookEnabled__default,facebookEnabled__default,c__filterCategory,c__finish,c__finishCode,c__galleryID,c__gameGenre,c__gameRating,c__gameSystemType,c__gender,c__googleFeedProductType,c__googleProductCategory,c__gpsFeatures,c__gpsType,c__gpsWarranty,c__imageAspectRatio,c__instaFavLink,c__inventoryThreshold,c__isCADDwg,c__isCaliforniaProposition,c__isDropship,c__isGiftSet,c__isInstallPdf,c__isLetterSizeVariation,c__isNew,c__isNewtest,c__isOptionVariation,c__isPromoModule,c__isSale,c__isScentVariation,c__isSpecPdf,c__isStyleVariation,c__kidsAge,c__length,c__lensAperture,localizedTaxClassID__default,longDescription__default,manufacturerName,manufacturerSKU,c__material,c__materialTest,c__mediaFormat,c__memorySize,c__memoryType,minOrderQuantity,c__msrp,c__musicStorage,name__default,c__netSuiteItemHazardousValue,c__netSuiteVendorItemNumber,c__newArrivalFilterCategory,c__notKeywordSearch,c__notes,onlineFlag__default,onlineFrom__default,onlineTo__default,c__onlyShipping,c__opticalZoom,c__outerwearType,pageDescription__default,pageKeywords__default,pageTitle__default,pageURL__default,pinterestEnabled__default,c__portableAudioType,c__productAccess,c__productBadge,c__productMaterial,c__productPriceRange,c__productSetHeading,c__productShape,c__productSizeChartId,c__productTileImage,c__productTileMobImage,c__productTileTabImage,c__productType,c__quickViewDescription,c__redirectToCategoryId,c__refinementColor,c__refinementFinish,c__refinementShade,c__resolution,c__retailContactInfo,c__saleFilterCategory,c__sandalType,c__scent,searchPlacement__default,searchRank__default,searchable__default,searchableIfUnavailable__default,c__secondaryHoverImage,c__shade,c__shadeCode,c__sheets,c__shippingAndReturnDetails,c__shoeType,shortDescription__default,siteMapChangeFrequency__default,siteMapIncluded__default,siteMapPriority__default,c__size,c__sizeName,c__skinConcern,c__sortColors,c__stateRestrictions,stepQuantity,storeForcePriceEnabled,storeNonDiscountableEnabled,storeNonInventoryEnabled,storeNonRevenueEnabled,storeReceiptName__default,storeTaxClass,c__styleNumber,c__tabDescription,c__tabDetails,taxClassID,template,c__test,c__topNavDisplayName,c__topType,c__tvSignalFormat,c__tvSize,c__tvType,c__tvWarranty,unit,unitMeasure,unitQuantity,c__variation,c__videoStorage,c__waist,c__width
19120105,,,,,,811858032316,,,,,,,,,,Shagreen,,Dove,New,,,,,,,,,,,,,,,Available Now,,false,,,,,,,,,Tabletop & Bar  >  Shagreen Collection  >  Barware  >  Coaster,2363,,,,,,,,true,,,,,,,,,,,,,,,,,"<ul> 
<li>Embossed shagreen</li>
<li>Brass hardware</li>
<li>Suede covered base</li>
<li>Dimensions: 4.7""l x 4.7""w x 1.5""h</li>
<li>Clean shagreen with a damp cloth</li>
<li>Keep out of direct sunlight to avoid fading</li>
</ul>",,,,,,,,1,250.0,,Shagreen Wine Coaster,false,,,,,true,,,,,,,,,,false,,isPublic,,Resin,,,,,,,,Coaster,,,GRAY,,,,,,,,,,true,,,,,,,,"Protect surfaces with this elegant wine coaster, which has a luxurious shagreen finish edged in brass. Combine with other Shagreen pieces in the AERIN barware collection to create a stylish home bar.",,,,28,NO SIZE,,,,1,false,false,false,false,,,,,,P0000000,,,,,,,,,,,,11,,,
21231010,,,,,,811858037816,,,,,,,,,,,,,,,,,,,,,,,,,,,,Available Now,,false,,,,,,,,,,,,,,,,,,,,,,,,,,,,,,,,,,,,,,,,,,,1,350.0,,T-Strap Leather Sandal,false,,,,,true,,,,,,,,,,false,,isPublic,AerinsLove,,,,,,,,,Sandals,,,WHITE,,,,,,,,,,true,,,,,,,,,,,,55,37.5,,,,1,false,false,false,false,,,,,,PC040100,,,,,,,,,,,,4,,,
24042628110,,,,,,,false,,,,,,,,AERIN,Fontaine,,,,,24042628120;24042628100;24042628090;24032628020,,,,,,,,,,,,,,,false,Wall Light,,,,,,,,,,,,,,,,,,true,,,,,false,,,false,,,,,,,,"<ul>
<li>Height: 14.25""</li>
<li>Width: 5.5""</li>
<li>Extension: 7.25""</li>
<li>Backplate: 5"" Round</li>
<li>Shade Details: 3"" x 5.5"" x 9.5""</li>
<li>Socket: E 12 Candelabra</li>
<li>Wattage: 40 B</li>
</ul>",,,,,,,,1,479.0,,Fontaine Single Sconce,,0,,true,,true,,,ground,,,,,,,false,,isPublic,,,,,,,,,,Sconce,,,,,,,,,,,,,true,,,,,,,,"A versatile sconce in a classic design, the Fontaine Single Sconce works in any room, from a hallway to a bedroom to a living room. Subtly influenced by mid-century modern design, the conical shade and circular wall plate provide clean lines and a low profile that work well in any interior.",,,,,,,,,1,false,false,false,false,,,,,,P0000000,,,,,,,,,,,,,,,
19130141,,,,,,811858031913,,Adult,,,,,,,,,,Gold,New,,,,,,,,,,,,,,,Available Now,,false,,,,,,,,Female,Fashion  >  Shoes  >  Sandal,187,,,,,,,,,,,,,,,,,,,,,,,,,,,,Suede,,,,,1,350.0,,T-Strap Leather Sandal,false,gold leather,,,,true,,,,,,,,,,false,,isPublic,Exclusive,Suede,,,,,,,,Sandals,,,GOLD,,,,,,,,,,true,,,,,,,,,,,,59,39.5,,,,1,false,false,false,false,,,,,,PC040100,,,,,,,,,,,0,2,,,
17120003,,,,,,818909017513,,,,,,,,,,Shagreen,,Mist,New,,23084628054;2313214010090;17120005;23094528156,,,,,,,,,,,,,,,false,,,,,,,,,Home Décor  >  Shagreen Collection  >  Trays,6456,,,,,,,,true,,,,,,,,,,,,,,,,,"<ul> 
<li>Embossed shagreen</li> 
<li>Brass hardware</li> 
<li>Suede lining</li> 
<li>Dimensions: 22.7"" x 14.6"" x 2.6""</li> 
<li>Clean shagreen with a damp cloth</li> 
<li>Imported</li> 
</ul>",,,,,,,,1,450.0,,Classic Shagreen Serving Tray,false,,,,,true,,,,,,,,,,false,,isPublic,,Resin,,,,,,,,Tray,,,Light Blue,,,,,,,,,,true,,//i1.adis.ws/i/aerin/23080028040_30_2?h=200&w=200,,,,,,"This serving tray features a delicately embossed shagreen pattern, while its brass handles add a luxurious feel. It is perfect for a casual gathering, an elegant dinner party or organizing personal objects.",,,,28,NO SIZE,,,,1,false,false,false,false,,,,,,P0000000,,,,,,,,,,,,30,,,
18122328,,,,,,811858030800,,,,,,,,,,,,Coral,,,18122328;18122329;18122330;18122331,,,,,,,,,,,,,,,false,,,,,,,,,,Home & Garden > Lighting Accessories > Lamp Shades,,,,,,,,,,,,,,,,,false,,,,,,,,"<ul>
 
<li>Dimensions: 7""w x 7""l x 7 1/4""h</li>
<li>Cotton</li>
<li>Mini Warren Table Lamp sold separately</li>
</ul>",,,,,,,,1,50.0,,Mini Warren Lamp Shade,false,,,,,true,,,,,,,,,,false,,isPrivate,,,,,,,,,,,,,Coral,,,,,,,,,,true,,//i1.adis.ws/i/aerin/18222109_22_2?h=200&w=200,,,,,,"This beautiful cotton shade adds a pop of color to the Mini Warren Table Lamp (sold separately). It casts a soft, subtle light and works well on side tables, in compact spaces, and for children&#146;s rooms.",,,,28,NO SIZE,,,,1,false,false,false,false,,,,,,P0000000,,,,,,,,,,,,22,,,
18222087,,,,,,,,,,,,,,,AERIN x Cabana,,,NO COLOR,,,,,,,,,,,,,,,,,,false,,,,,,,,,,,,,,,,,,,,,,,,,,,,,,,,,,,,,,,,,,,1,210.0,,Water Glasses,,,,,,true,,,,,,,,,,false,,,,,,,,,,,,,,,NO COLOR,,,,,,,,,,true,,,,,,,,,,,,28,NO SIZE,,,,1,false,false,false,false,,,,,,P0000000,,,,,,,,,,,,1,,,
18122323,,,,,,756808949965,,,,ARN5350,,,,,,Agnes,,,New,,18122319;18122320;18122321;18122322,,,,,,,,,,"10""",,,In 1 Week,,false,Ceiling Light,Matte Black,F4,,,,,,Lighting  >  Ceiling Lights  >  Pendant,2524,,,,,,,true,,true,,true,,,,,,,,true,,,,,,"<ul>
<li>Overall Height: 50.25""</li>
<li>Fixture Height: 13.5""</li>
<li>Minimum Custom Height: 19""</li>
<li>Width: 10""</li>
<li>Canopy: 4.25"" Round</li>
<li>Socket: E26 Keyless</li>
<li>Wattage: 75 A</li>
</ul>",,ARN 5350MBK,,,,,,1,399.0,,Agnes Small Pendant,false,ARN 5350MBK,,,,true,,,,,,,,,,false,,isPublic,,,,,,,,,,Pendant,,,,Matte Black,,,,,,,,,true,,,NO SHADE,S1,,,,"The small Agnes ceiling light has a minimalist, bell-shaped design and a sleek finish. It is a perfect addition to smaller contemporary spaces. The contrasting interior and exterior is a stylish touch that provides additional character when the pendant is illuminated.",,,,,,,,,1,false,false,false,false,,,,,,P0000000,,,,,,,,,,,0,,,,
17110015,,,,,,887167188976,,,,,,,,,,Fragrance Collection,,NO COLOR,New,,,,,,,,,,,,,,,Available Now,,false,,,,,,,,,Beauty  >  Ikat Jasmine Collection  >  Fragrance  >  Eau De Parfum,479,,,,,,,,,,,,,,,,,,,,,,,,,"<ul> 
<li>Scent: Floral Woody</li>
<li>Notes: Jasmine Sambac, Jasmine Egypt, Tuberose, Honeysuckle, Sandalwood</li>
</ul>",,,,,,,,1,200.0,,Ikat Jasmine 3.4 oz,false,R8KR01,,,Floral/Woody,true,,,ground,,,,,,,false,,isPublic,,,,,,,,,,Eau de Parfum,,,NO COLOR,,,,,,,Ikat Jasmine,,,true,,//i1.adis.ws/i/aerin/17110015_2?h=200&w=200,,,,,,The impeccable pairing of Jasmine Sambac and Jasmine Egypt Infusion is enhanced with exotic Tuberose Fleur in a fragrance rich with velvety body and soft freshness.  A delicate touch of Honeysuckle invigorates the senses while Tuberose Infusion and Sandalwood add subtle intensity and luminous depth as captivating as the woman who wears it.,,,,96,3.4 oz,,,,1,false,false,false,false,,,,,,PC040202,,,,,,,,,,,0,1,,,
171304,,,,,,,,,,,,,,,,,,,,,31002728009;31002728012;31002728013;31002728022,,,,,,,,,,,,,,,false,,,,,,,,,,,,,,,,,,,,,,,,,,,,,,,,,,,"Practical and stylish, this mini weekender bag is ideal for an overnight getaway or for times when a roomy handbag is required on a busy day. Expertly made to the highest standards in Florence, Italy, it has shoulder straps or a longer detachable strap can be used for ease of transport. <ul>
<li>Dimensions: 20"" l x 8.6"" w x 14.8"" h </li>
<li>Made in Italy</li>
<li>Suede</li>
<li>Inside Pocket</li>
<li>Comes in a protective dust bag</li>
</ul>",,,,,,,,1,1590.0,,Mini Suede Weekender,,,,,,true,,,,,,,,,,false,,isPrivate,,,,,,,,,,,,,,,,,,,,,,,true,,//i1.adis.ws/i/aerin/171304_20_2?h=200&w=200,,,,,,,,,,,,,,,1,false,false,false,false,,,,,,PC040204,,,,,,,,,,,,,,,
18122293,,,,,,,,,,,,,,,AERIN,Iva,,NO COLOR,,,18122294;18122290;18122295;18122296,,,,,,,,,,,,,,,false,Wall Light,,,,,,,,,,,,,,,,,,true,,,,,,,,,,,,,,,,"<ul>
<li>Height: 24""</li>
<li>Width: 6.25""</li>
<li>Extension: 5.75""</li>
<li>Backplate: 4.25"" x 16.25"" rectangle</li>
<li>Socket: 3 - E12 Candelabra</li>
<li>Wattage: 3 - 40 T</li>
<li>Note: UL only</li>
</ul>",,,,,,,,1,1159.0,,Iva Large Wrapped Sconce,,,,true,,true,,,ground,,,,,,,false,,isPublic,,,,,,,,,,Sconce,,,NO COLOR,,,,,,,,,,true,,//i1.adis.ws/i/aerin/18122293_2_2?h=200&w=200,,,,,,"Sculptural form was the inspiration behind the curving Iva sconce. Light plays off the crafted folds, giving this piece a soft appearance. This version is particularly suited to adding illumination to larger spaces.",,,,28,NO SIZE,,,,1,false,false,false,false,,,,,,P0000000,,,,,,,,,,,,1,,,
18122241,,,,,,756808038294,,,,ARN2027,,,,,,Eaton,,,New,,,,,,,,,,"21""",,"5.5""",,,In 1 Week,,false,Wall Light,Antique Brass,F6,,,,,,Lighting  >  Wall Lights  >  Sconce,6073,,,,,,,true,,true,,true,,,,,,,,true,,,,,,"<ul>
<li>Height: 21""</li>
<li>Width: 5.5""</li>
<li>Extension: 4.5""</li>
<li>Backplate: 5.25"" x 20"" rectangle</li>
<li>Socket: 3 - E12 Candelabra</li>
<li>Wattage: 3 - 40 C</li>
</ul>",,ARN 2027HAB,,,,,,1,1049.0,,Eaton Linear Sconce,false,ARN 2027HAB,,,,true,,,,,,,,,,false,,isPublic,,,,,,,,,,Sconce,,,,Antique Brass,,,,,,,,,true,,,NO SHADE,S1,,,,"This long, classic sconce brings decorative style via prismatic crystals twisted into a rope design. The spiral glasswork has a sparkling quality that adds an elegant touch wherever it is fitted, particularly in a hallway for a welcoming glow.",,,,,,,,,1,false,false,false,false,,,,,,P0000000,,,,,,,,,,,,,,,
22131000,,,,,,810092150848,,,,,,,,,,,,Ecru,,,,,,,,,,,,,,,,,,false,,,,,,,,,,,,,,,,,,,,,,,,,,,,,,,,,,,,,,,,,,,1,350.0,,T-Strap Leather Sandal,false,,,,,true,,,,,,,,,,false,,isPublic,,,,,,,,,,,,,Beige,,,,,,,,,,true,,,,,,,,,,,,52,36,,,,1,false,false,false,false,,,,,,PC040100,,,,,,,,,,,0,20,,,
31002728352,,,,,,,,,,,,,,,,,,NEUTRAL,,,31002728022;31002728361;31002728003;31002728035,,,,,,,,,,,,,,,false,,,,,,,,,,,,,,,,,,,,,,,,,,,,,,,,,,,Attach this stylish strap to the AERIN Weekender to create the perfect over-shoulder bag for a short getaway. The natural woven strap includes black leather detailing and gold-plated brass clips to fasten it securely. An ideal solution for a heavier bag. <ul>  <li>Made in Italy</li> <li>Gold-Plated Brass Hardware</li> </ul>,,,,,,,,1,245.0,,WOVEN CANVAS WEEKENDER STRAP,,,,,,true,,,,,,,,,,false,,isPrivate,,,,,,,,,,,,,NEUTRAL,,,,,,,,,,true,,,,,,,,,,,,28,NO SIZE,,,,1,false,false,false,false,,,,,,PC040204,,,,,,,,,,,,6,,,
17122164,,,,,,756808030830,,,,ARN2650,,,,,,,,,New,,,,,,,,,,"10""",,"5.5""",,,In 1 Week,,false,Wall Light,Black and Antique Brass,F46,,,,,,Lighting  >  Wall Lights,6073,,,,,,,true,,true,,true,,,,,,,,true,,,,,,"<ul>
<li>Height: 10""</li>
<li>Width: 5.5""</li>
<li>Extension: 29""</li>
<li>Backplate: 4.25"" x 6.5"" rectangle</li>
<li>Shade Details: 3.75"" x 5.5"" x 9""</li>
<li>Socket: E26 On-Off</li>
<li>Wattage: 40 A</li>
<li>Note: UL only</li>
</ul>",,ARN 2650HAB/BLK-L,,,,,,1,519.0,,Keil Swing Arm Wall Light,false,ARN 2650HAB/BLK-L,,,,true,,,,,,,,,,false,,isPublic,,,,,,,,,,Wall Light,,,,Antique Brass and Black,Linen,,,,,,,,true,,,Linen,S2,,,,"Practical and stylish, this Mid-Century-Modern-inspired sconce is easily moved to focus light exactly where it is needed. Ideal behind a reading chair or to add character to a home office.",,,,,,,,,1,false,false,false,false,,,,,,P0000000,,,,,,,,,,,,,,,
17122161,,,,,,756808030960,,,,ARN5122,,,,,,,,,New,,,,,,,,,,"14""",,"15.25""",,,In 1 Week,,false,Ceiling Light,Polished Nickel,F7,,,,,,Lighting  >  Ceiling Lights  >  Chandelier,2249,,,,,,,true,,true,,true,,,,,,,,true,,,,,,"<ul>
<li>Fixture Height: 14""</li>
<li>Width: 15.25""</li>
<li>Canopy: 5"" Round</li>
<li>Socket: 6 - E12 Candelabra</li>
<li>Wattage: 6 - 60 C</li>
</ul>",,ARN 5122PN-CG,,,,,,1,1269.0,,Bellvale Small Chandelier,false,ARN 5122PN-CG,,,,true,,,,,,,,,,false,,isPublic,,,,,,,,,,Chandelier,,,,Polished Nickel,Clear Glass,,,,,,,,true,,,Clear Glass,S3,,,,"Inspired by flowers, this sparkling chandelier has crystal spheres held by curved metal stems to create an organic feel. It is the perfect way to add character to smaller rooms, such as a bedroom, dressing room or dining room.",,,,,,,,,1,false,false,false,false,,,,,,P0000000,,,,,,,,,,,,,,,
18122249,,,,,,756808038379,,,,ARN2066,,,,,,Iva,,,New,,,,,,,,,,"24""",,"6.25""",,,In 1 Week,,false,Wall Light,Bronze,F8,,,,,,Lighting  >  Wall Lights  >  Sconce,6073,,,,,,,true,,true,,true,,,,,,,,true,,,,,,"<ul>
<li>Height: 24""</li>
<li>Width: 6.25""</li>
<li>Extension: 5.75""</li>
<li>Backplate: 4.25"" x 16.25"" rectangle</li>
<li>Socket: 3 - E12 Candelabra</li>
<li>Wattage: 3 - 40 T</li>
<li>Note: UL only</li>
</ul>",,ARN 2066BZ,,,,,,1,1159.0,,Iva Large Wrapped Sconce,false,ARN 2066BZ,,,,true,,,,,,,,,,false,,isPublic,,,,,,,,,,Sconce,,,,Bronze,,,,,,,,,true,,,NO SHADE,S1,,,,"Sculptural form was the inspiration behind the curving Iva sconce. Light plays off the crafted folds, giving this piece a soft appearance. This version is particularly suited to adding illumination to larger spaces.",,,,,,,,,1,false,false,false,false,,,,,,P0000000,,,,,,,,,,,,,,,
16222121,,,,,,756808937511,,,,ARN5426,,,,,,,,,New,,,,,,,,,,"29.75""",,"32""",,,In 1 Week,,false,Ceiling Light,Plaster White,F5,,,,,,Lighting  >  Ceiling Lights  >  Chandelier,2249,,,,,,,true,,true,,true,,,,,,,,true,,,,,,"<ul>
<li>Height: 29.75""</li>
<li>Width: 32""</li>
<li>Canopy: 6.25"" Round</li>
<li>Socket: 4 - E12 Candelabra</li>
<li>Wattage: 4 - 40 B</li>
</ul>",,ARN 5426PW,,,,,,1,1379.0,,Benit Medium Sculpted Chandelier,false,ARN 5426PW,,,,true,,,,,,,,,,false,,isPublic,,,,,,,,,,Chandelier,,,,Plaster White,,,,,,,,,true,,,NO SHADE,S1,,,,"Bring the feel of coastal living to your home with the Benit Pendant. Inspired by the surface of a shell, its stylized form has a beautiful organic appeal. A subtle piece that is perfect for a contemporary interior.",,,,,,,,,1,false,false,false,false,,,,,,P0000000,,,,,,,,,,,,,,,
17222149,,,,,,756808034050,,,,ARN5402,,,,,,Cristol,,,New,,,,,,,,,,,,"33.25""",,,In 1 Week,,false,Ceiling Light,Antique Brass,F6,,,,,,Lighting  >  Ceiling Lights  >  Chandelier,2249,,,,,,,true,,true,,true,,,,,,,,true,,,,,,"<ul>
<li>Overall Height: 62""</li>
<li>Fixture Height: 33""</li>
<li>Min. Custom Height: 53""</li>
<li>Width: 33.25""</li>
<li>Canopy: 6"" round</li>
<li>Socket: 17 - E12 Candelabra</li>
<li>Wattage: 17 - 25 B</li>
<li>Note: UL only</li>
</ul>",,ARN 5402HAB-WG,,,,,,1,3159.0,,Cristol Large Tiered Chandelier,false,ARN 5402HAB-WG,,,,true,,,,,,,,,,false,,isPublic,,,,,,,,,,Chandelier,,,,Antique Brass,White Glass,,,,,,,,true,,,White Glass,S11,,,,"This chandelier brings both illumination and impact to a large space with 17 tiered globes. Its design puts a contemporary spin on a traditional style, while the white glass used for the globes provides a beautiful glow. ",,,,,,,,,1,false,false,false,false,,,,,,P0000000,,,,,,,,,,,,,,,
18222172,,,,,,,,,,,,,,,AERIN,Ezra,,NO COLOR,,,18222171;18222174;18222166;18222168,,,,,,,,,,,,,,,false,Wall Light,,,,,,,,,,,,,,,,,,true,,,,,,,,,,,,,,,,"<ul>
<li>Height: 24""</li>
<li>Width: 4.75""</li>
<li>Extension: 3.25""</li>
<li>Backplate: 3.5"" x 23.75"" Oval</li>
<li>Socket: Dedicated LED</li>
<li>Wattage: 16w (1400lm)</li>
<li>Note: Requires smaller outlet box</li>
</ul>",,,,,,,,1,819.0,,Ezra Large Bath Sconce,,ARN2401,,true,,true,,,ground,,,,,,,false,,isPublic,,,,,,,,,,Sconce,,,NO COLOR,,,,,,,,,,true,,//i1.adis.ws/i/aerin/18222172_5_2?h=200&w=200,,,,,,"This elongated sconce brings a stylish look to a narrow space in a bathroom. Set in a minimal metal frame, its white glass provides a soft glow. Inspired by Art Deco lighting, it represents classic design at its best.",,,,28,NO SIZE,,,,1,false,false,false,false,,,,,,P0000000,,,,,,,,,,,,1,,,
23024628060,,,,,,818909015250,,,,,,,,,,Shagreen,,Chocolate,New,,,,,,,,,,,,,,,,,false,,,,,,,,,Home Décor  >  Shagreen Collection  >  Frames,597,,,,,,,,true,,,,,,,,,,,,,,,,,"<ul> 
<li>Embossed shagreen</li> 
<li>Brass hardware</li> 
<li>Suede lining</li> 
<li>Frame dimensions: 11.5"" x 9.5"" x 1.3""</li> 
<li>Holds photo size: 8"" x 10""</li> 
<li>Keep out of direct sunlight to avoid fading</li> 
</ul>",,,,,,,,1,375.0,,Classic Shagreen 8x10 Frame,false,0,,,,true,,,,,,,,,,false,,isPublic,,Resin,,,,,,,,Frame,,,BROWN,,,,,,,,,,true,,//i1.adis.ws/i/aerin/23020028020_5_2?h=200&w=200,,,,,,This modern yet classic frame juxtaposes the luxury and texture of embossed shagreen trimmed in polished brass. The versatile color elegantly displays a favorite family photo or a small piece of art.,,,,24,8x10,,,,1,false,false,false,false,,,,,,P0000000,,,,,,,,,,,,5,,,
23084628053,,,,,,818909015182,false,,,,,,,,,Shagreen,,Dove,New,,23084628063;23084528125;23024528123;23024628061,,,,,,,,,,,,,,,false,,,,,,,,,Home Décor  >  Shagreen Collection  >  Trays,6456,,,,,,,,true,,,,,,false,,,false,,,,,,,,"<ul> 
<li>Embossed shagreen</li> 
<li>Brass hardware</li> 
<li>Suede lining</li> 
<li>Dimensions: 22.7"" x 14.6"" x 2.6""</li> 
<li>Clean shagreen with a damp cloth</li> 
<li>Imported</li> 
</ul>",,,,,,,,1,450.0,,Classic Shagreen Serving Tray,false,0,,,,true,,,,,,,,,,false,,isPublic,,Resin,,,,,,,,Tray,,,GRAY,,,,,,,,,,true,,//i1.adis.ws/i/aerin/23080028040_11_2?h=200&w=200,,,,,,"This serving tray features a delicately embossed shagreen pattern, while its brass handles add a luxurious feel. It is perfect for a casual gathering, an elegant dinner party or organizing personal objects.",,,,28,NO SIZE,,,,1,false,false,false,false,,,,,,P0000000,,,,,,,,,,,,11,,,
19110001,,,,,,887167408142,,,,,,,,,,Fragrance Collection,,1.7 oz,,,,,,,,,,,,,,,,Available Now,,false,,,,,,,,,Beauty > Aegea Blossom Collection > Fragrance > Eau de Parfum,479,,,,,,,,,,,,,,,,,,,,,,,,,"<ul>
<li>Scent: Luminous White Floral</li> 
<li>Notes: Bergamot, Verbena, Jasmine Orange Flower, Neroli, Musk Vetiver, Sandalwood</li> 
</ul>",,,,,,,,1,145.0,,Aegea Blossom 1.7 oz,false,P5W901,,,White Floral,true,,,ground,,,"For a light floral fragrance, choose AERIN Aegea Blossom Eau De Parfum Spray in an elegant 1.7-ounce bottle. Floral, musk and sandalwood notes.",,Aegea Blossom - Eau De Parfum Spray - 1.7 oz.,,false,,isPublic,,,,,,,,,,Eau de Parfum,,,NO COLOR,,,,,,,Aegea Blossom,,,true,,//i1.adis.ws/i/aerin/19110005_2_2?h=200&w=200,,,,,,A voyage around the Greek islands served as inspiration for this vibrant floral fragrance.  Aegea Blossom is a journey for the senses capturing the blue sea cool breezes and pure light of Greece.,,,,103,1.7 oz,,,,1,false,false,false,false,,,,,,PC040202,,,,,,,,,,,0,1,,,
18222089,,,,,,,,,,,,,,,AERIN x Cabana,,,NO COLOR,,,,,,,,,,,,,,,,,,false,,,,,,,,,,,,,,,,,,,,,,,,,,,,,,,,,,,,,,,,,,,1,140.0,,Bedside Tumbler,,,,,,true,,,,,,,,,,false,,,,,,,,,,,,,,,NO COLOR,,,,,,,,,,true,,,,,,,,,,,,28,NO SIZE,,,,1,false,false,false,false,,,,,,P0000000,,,,,,,,,,,,1,,,
18222088,,,,,,,,,,,,,,,AERIN x Cabana,,,NO COLOR,,,,,,,,,,,,,,,,,,false,,,,,,,,,,,,,,,,,,,,,,,,,,,,,,,,,,,,,,,,,,,1,480.0,,Bedside Carafe,,,,,,true,,,,,,,,,,false,,,,,,,,,,,,,,,NO COLOR,,,,,,,,,,true,,,,,,,,,,,,28,NO SIZE,,,,1,false,false,false,false,,,,,,P0000000,,,,,,,,,,,,1,,,
19110002,,,,,,887167408289,,,,,,,,,,Fragrance Collection,,3.4 oz,,,,,,,,,,,,,,,,,,false,,,,,,,,,Beauty > Aegea Blossom Collection > Fragrance > Eau de Parfum,479,,,,,,,,,,,,,,,,,,,,,,,,,"<ul>
<li>Scent: Luminous White Floral</li>
<li>Notes: Bergamot, Verbena, Jasmine Orange Flower, Neroli, Musk, Vetiver, Sandalwood</li> 
</ul>",,,,,,,,1,200.0,,Aegea Blossom 3.4 oz,false,P5WT01,,,White Floral,true,,,ground,,,,,,,false,,isPublic,,,,,,,,,,Eau de Parfum,,,NO COLOR,,,,,,,Aegea Blossom,,,true,,,,,,,,A voyage around the Greek islands served as inspiration for this vibrant floral fragrance.  Aegea Blossom is a journey for the senses capturing the blue sea cool breezes and pure light of Greece.,,,,96,3.4 oz,,,,1,false,false,false,false,,,,,,PC040202,,,,,,,,,,,0,1,,,
18122250,,,,,,756808038386,,,,ARN2066,,,,,,Iva,,,New,,,,,,,,,,"24""",,"6.25""",,,In 1 Week,,false,Wall Light,Antique Brass,F6,,,,,,Lighting  >  Wall Lights  >  Sconce,6073,,,,,,,true,,true,,true,,,,,,,,true,,,,,,"<ul>
<li>Height: 24""</li>
<li>Width: 6.25""</li>
<li>Extension: 5.75""</li>
<li>Backplate: 4.25"" x 16.25"" rectangle</li>
<li>Socket: 3 - E12 Candelabra</li>
<li>Wattage: 3 - 40 T</li>
<li>Note: UL only</li>
</ul>",,ARN 2066HAB,,,,,,1,1159.0,,Iva Large Wrapped Sconce,false,ARN 2066HAB,,,,true,,,,,,,,,,false,,isPublic,,,,,,,,,,Sconce,,,,Antique Brass,,,,,,,,,true,,,NO SHADE,S1,,,,"Sculptural form was the inspiration behind the curving Iva sconce. Light plays off the crafted folds, giving this piece a soft appearance. This version is particularly suited to adding illumination to larger spaces.",,,,,,,,,1,false,false,false,false,,,,,,P0000000,,,,,,,,,,,,,,,
17210009,,,,,,,,,,,,,,,AERIN,Premier Collection,,NO COLOR,,,,,,,,,,,,,,,,,,false,,,,,,,,,,,,,,,,,,,,,,,,,,,,,,,,,,,"<ul>
<li>Scent: Floral Tuberose Amber</li>
<li>Notes: Tuberose Absolute Essence, Tuberose Dusk Accord, Mandarin, Bergamot, Vetiver, Oakmoss</li>
</ul>",,,,,,,,1,240.0,,Tuberose Le Soir,,,,,Tuberose/Amber,true,,,,,,,,,,false,,isPublic,,,,,,,,,,Parfum,,,NO COLOR,,,,,,,Tuberose,,,true,,//i1.adis.ws/i/aerin/17210009_2_2?h=200&w=200,,,,,,"This fragrance is inspired by the rich, sensual scent of Tuberose in full bloom, harvested in India as the sun sets, and is perfect for an evening out. Sparkling Mandarin, Bergamot, Ylang Ylang, smooth Sandalwood, and Vanilla provide a luxurious, elegant warmth. Tuberose Le Soir comes in a creamy, rich rose bottle.",,,,28,NO SIZE,,,,1,false,false,false,false,,,,,,PC040202,,,,,,,,,,,0,,,,
17122175,,,,,,756808030991,,,,ARN5255,,,,,,Turenne,,,New,,,,,,,,,,"16.5""",,"14""",,,In 1 Week,,false,Ceiling Light,Antique Brass,F6,,,,,,Lighting  >  Ceiling Lights  >  Pendant,2524,,,,,,,true,,true,,true,,,,,,,,true,,,,,,"<ul>
<li>Fixture Height: 16.5""</li>
<li>Width: 14""</li>
<li>Canopy: 5"" Round</li>
<li>Socket: 4 - E12 Candelabra</li>
<li>Wattage: 4 - 40 B</li>
<li>Note: UL only</li>
</ul>",,ARN 5255HAB-CG,,,,,,1,1379.0,,Turenne Medium Globe Pendant,false,ARN 5255HAB-CG,,,,true,,,,,,,,,,false,,isPublic,,,,,,,,,,Pendant,,,,Antique Brass,Clear Glass,,,,,,,,true,,,Clear Glass,S3,,,,This stylish globe and link chain pendant is a perfect way to bring character to a room. A beautiful addition to a high-ceilinged hallway or above a kitchen breakfast bar as a pair.,,,,,,,,,1,false,false,false,false,,,,,,P0000000,,,,,,,,,,,,,,,
18220018,,,,,,818909019630,,,,,,,,,,Velvet,,Moss,New,,,,,,,,,,,,,,,Available Now,,false,,,,,,,,,Home Décor  >  Velvet Collection  >  Frames,597,,,,,,,,,,,,,,,,,,,,,,,,,"<ul>
<li>Velvet</li> 
<li>Brass hardware</li> 
<li>Frame dimensions: 8.0""l x 10.0""w x 1.0""h</li> 
<li>Holds photo size: 4"" x 6""</li> 
<li>Clean with a dry brush or dry cloth.  Keep away from direct sunlight.</li> 
<li>Imported</li> 
</ul>",,,,,,,,1,450.0,,Valentina 4x6 Velvet Frame,false,,,,,true,,,,,,,,,,false,,isPublic,,Velvet,,,,,,,,Frame,,,GREEN,,,,,,,,,,true,,//i1.adis.ws/i/aerin/18220099_10_2?h=200&w=200,,,,,,"Bring a romantic touch to a tabletop with the Valentina Velvet Frame. It has a feminine appeal and a luxurious finish. Perfect for gifting, it is a beautiful way to frame photographs of loved ones.",,,,111,4x6,,,,1,false,false,false,false,,,,,,P0000000,,,,,,,,,,,0,10,,,
19130138,,,,,,811858031944,,Adult,,,,,,,,,,Gold,New,,,,,,,,,,,,,,,Available Now,,false,,,,,,,,Female,Fashion  >  Shoes  >  Sandal,187,,,,,,,,,,,,,,,,,,,,,,,,,,,,Suede,,,,,1,350.0,,T-Strap Leather Sandal,false,gold leather,,,,true,,,,,,,,,,false,,isPublic,Exclusive,Suede,,,,,,,,Sandals,,,GOLD,,,,,,,,,,true,,,,,,,,,,,,56,38,,,,1,false,false,false,false,,,,,,PC040100,,,,,,,,,,,0,2,,,
18122266,,,,,,756808038546,,,,ARN4003,,,,,,Mill,,,New,,,,,,,,,,"8.25""",,"15""",,,In 1 Week,,false,Ceiling Light,Burnished Silver Leaf,F2,,,,,,Lighting  >  Ceiling Lights  >  Flush Mount,2524,,,,,,,true,,true,,true,,,,,,true,,true,,,,,,"<ul>
<li>Height: 8.25""</li>
<li>Width: 15""</li>
<li>Socket: 3 - E12 Candelabra</li>
<li>Wattage: 3 - 60 T</li>
</ul>",,ARN 4003BSL,,,,,,1,819.0,,Mill Small Flush Mount,false,ARN 4003BSL,,,,true,,,,,,,,,,false,,isPublic,,,,,,,,,,Flush Mount,,,,Burnished Silver Leaf,,,,Lighting,,,,,true,,,NO SHADE,S1,,,,"This stylishly crafted flush mount lets the light shine through. The striated design creates a beguiling interplay between light and dark and adds a beautiful focal point, particularly in smaller rooms.",,,,,,,,,1,false,false,false,false,,,,,,P0000000,,,,,,,,,,,0,,,,
18122301,,,,,,,,,,,,,,,AERIN,Hampton,,NO COLOR,,,18122302;18122303;18122304;18122305,,,,,,,,,,,,,,,false,Ceiling Light,,,,,,,,,,,,,,,,,,true,,,,,,,,,,,,,,,,"<ul>
<li>Height: 8""</li>
<li>Width: 16.75""</li>
<li>Canopy: 6"" round</li>
<li>Socket: 3 - E12 Candelabra</li>
<li>Wattage: 3 - 60 C</li>
<li>Note: Ships with 3 feet of chain</li>
</ul>",,,,,,,,1,739.0,,Hampton Small Chandelier,,,,true,,true,,,ground,,,,,,,false,,isPublic,,,,,,,,,,Chandelier,,,NO COLOR,,,,,,,,,,true,,//i1.adis.ws/i/aerin/18122301_2_2?h=200&w=200,,,,,,"Like a piece of art, the Hampton ceiling light brings character to a room. It is particularly suited to smaller spaces. Inspired by leaves and flowers, its hand-stamped metal fronds have been crafted into layers that cast beautiful shadows.",,,,28,NO SIZE,,,,1,false,false,false,false,,,,,,P0000000,,,,,,,,,,,0,1,,,
18222109,,,,,,,,,,,,,,,,,,,,,18122331;18122325;18220074;18220002,,,,,,,,,,,,,,,false,,,,,,,,,,,,,,,,,,,,,,,,,,,,,,,,,,,"<ul>
 
<li>Dimensions: 7""w x 7""l x 7 1/4""h</li>
<li>Cotton</li>
<li>Mini Warren Table Lamp sold separately</li>
</ul>",,,,,,,,1,50.0,,Mini Warren Lamp Shade,,,,,,true,,,,,,,,,,false,,isPrivate,,,,,,,,,,,,,,,,,,,,,,,true,,//i1.adis.ws/i/aerin/18222109_8_2?h=200&w=200,,,,,,"This beautiful cotton shade adds a pop of color to the Mini Warren Table Lamp (sold separately). It casts a soft, subtle light and works well on side tables, in compact spaces, and for children&#146;s rooms.",,,,,,,,,1,false,false,false,false,,,,,,P0000000,,,,,,,,,,,,,,,
18120058,,,,,,818909018756,,,,,,,,,,Shagreen,,Dove,New,,,,,,,,,,,,,,,,,false,,,,,,,,,,Home & Garden > Kitchen & Dining > Tableware > Serveware > Serving Trays,,,,,,,,true,,,,,,,,,,,,,,,,,"<ul> 
<li>Embossed shagreen</li> 
<li>Brass hardware</li> 
<li>Suede lining</li> 
<li>Dimensions: 20.3"" x 14.5"" x 1.8""</li> 
<li>Clean shagreen with a damp cloth</li> 
<li>Imported</li> 
</ul>
",,,,,,,,1,475.0,,Modern Shagreen Cocktail Tray,false,,,,,true,,,,,,,,,,false,,isPublic,,Resin,,,,,,,,Tray,,,GRAY,,,,,,,,,,true,,//i1.adis.ws/i/aerin/23090028230_11_2?h=200&w=200,,,,,,"This stylish oval tray has a luxurious shagreen finish and integrated brass handles, which do not distract from the smooth beauty of its shape. Use it as an elegant home bar or for organizing objects on a bookshelf or table.",,,,28,NO SIZE,,,,1,false,false,false,false,,,,,,P0000000,,,,,,,,,,,,11,,,
18222118,,,,,,756808042727,,,,ARN2009,,,,,,Clarkson,,,New,,,,,,,,,,"17.75""",,"4.5""",,,In 1 Week,,false,Wall Light,Polished Nickel,F7,,,,,,Lighting  >  Wall Lights  >  Sconce,6073,,,,,,,true,,true,,true,,,,,,,,true,,,,,,"<ul>
<li>Height: 17.75""</li>
<li>Width: 4.5""</li>
<li>Extension: 5.75""</li>
<li>Backplate: 4.5"" Round</li>
<li>Socket: 2 - E12 Candelabra</li>
<li>Wattage: 2 - 25 B</li>
<li>Note: UL only</li>
</ul>",,ARN 2009PN/PN,,,,,,1,699.0,,Clarkson Medium Narrow Sconce,false,ARN 2009PN/PN,,,,true,,,,,,,,,,false,,isPublic,,,,,,,,,,Sconce,,,,Polished Nickel,Nickel,,,,,,,,true,,,Nickel,S14,,,,An elegant sconce that brings a classic look and a soft glow to larger hallways and rooms. Its design has a timeless appeal that works with most interiors.,,,,,,,,,1,false,false,false,false,,,,,,P0000000,,,,,,,,,,,,,,,
17210004,,,,,,887167313897,,,,,,,,,,,,1.7 oz,New,,17210002;17210003;17210006;17210007,,,,,,,,,,,,,Available Now,,false,,,,,,,,,Beauty  >  Tuberose Collection  >  Fragrance  >  Parfum,479,,,,,,,,,,,,,,,,,,,,,,,,,"<ul>
<li>Scent: Floral Tuberose Amber</li>
<li>Notes: Tuberose Absolute Essence, Tuberose Dusk Accord, Mandarin, Bergamot, Vetiver, Oakmoss</li>
</ul>",,,,,,,,1,260.0,,Tuberose Le Soir 1.7 oz,false,RRCE01,,,Tuberose/Amber,true,,,ground,,,,,,,false,,isPublic,,,,,,,,,,Parfum,,,NO COLOR,,,,,,,,,,true,,//i1.adis.ws/i/aerin/17210009_2_2?h=200&w=200,,,,,,"This fragrance is inspired by the rich, sensual scent of Tuberose in full bloom, harvested in India as the sun sets, and is perfect for an evening out. Sparkling Mandarin, Bergamot, Ylang Ylang, smooth Sandalwood, and Vanilla provide a luxurious, elegant warmth. Tuberose Le Soir comes in a creamy, rich rose bottle. ",,,,103,1.7 oz,,,,1,false,false,false,false,,,,,,PC040202,,,,,,,,,,,0,1,,,
18122313,,,,,,756808963657,,,,ARN5352,,,,,,Agnes,,,New,,,,,,,,,,,,"21""",,,In 1 Week,,false,Ceiling Light,Burnished Silver Leaf,F2,,,,,,Lighting  >  Ceiling Lights  >  Pendant,2524,,,,,,,true,,true,,true,,,,,,,,true,,,,,,"<ul>
<li>Overall Height: 50.5""</li>
<li>Fixture Height: 13.5""</li>
<li>Minimum Custom Height: 21""</li>
<li>Width: 21""</li>
<li>Canopy: 4.25"" Round</li>
<li>Socket: E26 Keyless</li>
<li>Wattage: 75 A</li>
</ul>",,ARN 5352BSL,,,,,,1,739.0,,Agnes Large Pendant,false,ARN 5352BSL,,,,true,,,,,,,,,,false,,isPublic,,,,,,,,,,Pendant,,,,Burnished Silver Leaf,,,,,,,,,true,,,NO SHADE,S1,,,,"The large Agnes ceiling light has a minimalist, bell-shaped design and a sleek finish. It is perfect for larger contemporary spaces. The contrasting interior and exterior is a stylish touch that provides additional character when the pendant is illuminated.",,,,,,,,,1,false,false,false,false,,,,,,P0000000,,,,,,,,,,,,,,,
17122077,,,,,,756808936712,,,,ARN3655,,,,,,,,,New,,,,,,,,,,"27.25""",,"17""",,,In 1 Week,,false,Table Lamp,Volcanic Ivory,F10,,,,,,Lighting  >  Table Lamps,4636,,,,,,,true,,true,,true,,,,,,,,true,,,,,,"<ul>
<li>Height: 27.25""</li>
<li>Width: 17""</li>
<li>Base: 5.25"" Round</li>
<li>Shade Details: 13"" x 17"" x 13.5""</li>
<li>Socket: E26 Dimmer</li>
<li>Wattage: 75 A</li>
</ul>",,ARN 3655VI-L,,,,,,1,579.0,,Toulon Table Lamp,false,ARN 3655VI-L,,,,true,,,,,,,,,,false,,isPublic,,,,,,,,,,Table Lamp,,,,Volcanic Ivory,Linen,,,,,,,,true,,,Linen,S2,,,,"The Toulon is a stylish interpretation of the natural world with a design that was inspired by coral or a volcanic surface. Added texture further elevates this beautiful, sculptural piece.",,,,,,,,,1,false,false,false,false,,,,,,P0000000,,,,,,,,,,,0,,,,
18222084,,,,,,,,,,,,,,,AERIN x Cabana,,,NO COLOR,,,,,,,,,,,,,,,,,,false,,,,,,,,,,,,,,,,,,,,,,,,,,,false,,,,,,,,"<ul>
<li>Diameter: 12""</li>
<li>Made in Italy</li>
</ul>",,,,,,,,1,500.0,,Charger Plate,,,,,,true,,,,,,,,,,false,,isPrivate,,,,,,,,,,,,,NO COLOR,,,,,,,,,,true,,,,,,,,"Inspired by traditional Tyrolean design, this charming clear glass plate has a delicate, hand painted floral motif in blue and red and is a beautiful addition to a table when entertaining. Part of an exclusive AERIN x Cabana glassware collection, it was hand-blown on the Venetian island of Murano, famed for its glass production.",,,,28,NO SIZE,,,,1,false,false,false,false,,,,,,P0000000,,,,,,,,,,,,1,,,
18122277,,,,,,756808038683,,,,ARN5111,,,,,,Rosehill,,,New,,,,,,,,,,"30.25""",,"21""",,,In 1 Week,,false,Ceiling Light,Polished Nickel,F7,,,,,,Lighting  >  Ceiling Lights  >  Chandelier,2249,,,,,,,true,,true,,true,,,,,,,,true,,,,,,"<ul>
<li>Height: 30.25""</li>
<li>Width: 21""</li>
<li>Canopy: 5.75"" Round</li>
<li>Socket: 4 - E12 Candelabra</li>
<li>Wattage: 4 - 60 C</li>
</ul>",,ARN 5111PN-WG,,,,,,1,1619.0,,Rosehill Large Chandelier,false,ARN 5111PN-WG,,,,true,,,,,,,,,,false,,isPublic,,,,,,,,,,Chandelier,,,,Polished Nickel,White Glass,,,,,,,,true,,,White Glass,S11,,,,"This elegant chandelier adds a touch of old world elegance to a room. The beautifully crafted Strie glass gives off a warm glow, while link chains attach to an ornamental ceiling base for added character.",,,,,,,,,1,false,false,false,false,,,,,,P0000000,,,,,,,,,,,,,,,
18222356,,,,,,756808963817,,,,ARN2000,,,,,,,,,,,,,,,,,,,"16""",,"4.5""",,,In 1 Week,,false,Wall Light,Plaster White,F5,,,,,,Lighting > Wall Lights,6073,,,,,,,true,,true,,true,,,,,,,,true,,,,,,"<ul>
<li>Height: 16""</li>
<li>Width: 4.5""</li>
<li>Extension: 8.5""</li>
<li>Backplate: 4.25"" round</li>
<li>Socket: E12 Candelabra</li>
<li>Wattage: 60 B</li>
</ul>",,ARN 2000PW-WG,,,,,,1,479.0,,Edgemere Wall Light,false,ARN 2000PW-WG,,,,true,,,,,,,,,,false,,isPublic,,,,,,,,,,Wall Light,,,,Plaster White,White Glass,,,,,,,,true,,,White Glass,S11,,,,"A beautiful tulip shaped bowl emits a soft glow ideal for foyers, entryways, and hallways. Create a welcoming warmth for arriving guests.",,,,,,,,,1,false,false,false,false,,,,,,P0000000,,,,,,,,,,,0,,,,
18122244,,,,,,756808038324,,,,ARN2037,,,,,,Selfoss,,,New,,,,,,,,,,"23""",,"8""",,,In 1 Week,,false,Wall Light,Bronze and Gild,F47,,,,,,Lighting  >  Wall Lights  >  Sconce,6073,,,,,,,true,,true,,true,,,,,,,,true,,,,,,"<ul>
<li>Height: 23""</li>
<li>Width: 8""</li>
<li>Extension: 4.75""</li>
<li>Backplate: 4.75"" x 18"" Rectangle</li>
<li>Socket: 4 - E12 Candelabra</li>
<li>Wattage: 4 - 40 T</li>
<li>Note: UL only</li>
</ul>",,ARN 2037BZ/G,,,,,,1,1049.0,,Selfoss Large Sconce,false,ARN 2037BZ/G,,,,true,,,,,,,,,,false,,isPublic,,,,,,,,,,Sconce,,,,Bronze and Gild,,,,,,,,,true,,,NO SHADE,S1,,,,"A stylish sconce with a gold interior that adds a warm glow to its light source. Beautifully curved, it was inspired by sculptural form. The Selfoss is a versatile wall light, working in both contemporary and period interiors.",,,,,,,,,1,false,false,false,false,,,,,,P0000000,,,,,,,,,,,0,,,,
2013114.10,,,,,,,,,,,,,,,,,,NO COLOR,,,,,,,,,,,,,,,,,,false,,,,,,,,,,,,,,,,,,,,,,,,,,,,,,,,,,,,,,,,,,,1,78.0,,Sweet Grass - Orchid,,,,,,true,,,,,,,,,,false,,isPublic,,,,,,,,,,,,,NO COLOR,,,,,,,,,,true,,,,,,,,,,,,28,NO SIZE,,,,1,false,false,false,false,,,,,,P0000000,,,,,,,,,,,,1,,,
17120052,,,,,,818909017827,,,,,,,,,AERIN,Leon,,Gold,New,,17120051;23134628093;23134628092;23134628108,,,,,,,,,,,,,Available Now,,false,,,,Caleen Plate,,,,,Tabletop & Bar  >  Barware  >  Corkscrew,2976,,,,,,,,,,,,,,,,,,,,,,,,,"<ul> 
<li>Brass plated</li> 
<li>Dimensions: 4.3"" x 3.0"" x 0.8""</li> 
<li>Imported</li> 
</ul>",,,,,,,,1,150.0,,Leon Corkscrew,,,,,,true,,,,,,,,,,false,,isPublic,,Brass,,,,,,,,Bottle Opener/Corkscrew,,,GOLD,,,,,,,,,,true,,,,,,,,"The Leon Corkscrew, with its contemporary twisted geometry, is a stylish addition to a home bar.",,,,28,NO SIZE,,,,1,false,false,false,false,,,,,,P0000000,,,,,,,,,,,0,2,,,
18230133,,,,,,,,,,,,,,,AERIN,,,,,,18230134;18230132;18230122;18230128,,,,,,,,,,,,,,,false,,,,,,,,,,,,,,,,,,,,,,,,,,,,,,,,,,,"<ul> 
<li>Calf hair, nappa leather</li>
 <li>Gold zip</li>
 <li>Inside pocket</li>
 <li>Dimensions: 19.3""l x 6.3""w x 11.8""h</li>
 <li>Comes in a protective dust bag</li>
 <li>Made in Italy</li>
 <li>Care instructions: Only clean with a dry brush or dry cloth</li>
</ul>",,,,,,,,1,1450.0,,Leopard Mini Weekender,,,,,,true,,,,,,,,,,false,,isPublic,Exclusive,,,,,,,,,Weekender,,,,,,,,,,,,,true,,//i1.adis.ws/i/aerin/18230133_6_2?h=200&w=200,,,,,,"This mini weekender bag in a stylish leopard print is ideal for an overnight getaway or for times when a roomy handbag is required on a busy day. Expertly made to the highest standards from calf hair, it is further enhanced by nappa leather handles and trim.",,,,,,,,,1,false,false,false,false,,,,,,PC040204,,,,,,,,,,,0,,,,
17120064,,,,,,818909017933,,,,,,,,,,,,White,New,,23094628088;17120061;17120060;17120059,,,,,,,,,,,,,,,false,,,,,,,,,Home Décor  >  Objets & Sculptures  >  Objet,11,,,,,,,,,,,,,,,,,,,,,,,,,"<ul> 
<li>Porcelain</li> 
<li>Dimensions: 6.0"" x 5.0"" x 2.0""</li> 
<li>Imported</li> 
</ul>",,,,,,,,1,150.0,,Dahlia Porcelain Flower,false,,,,,true,,,,,,,,,,false,,isPublic,,Porcelain,,,,,,,,Objet,,,WHITE,,,,,,,,,,true,true,,,,,,,"The Dahlia is one of the beautiful porcelain flowers in the AERIN Home Collection. Handcrafted to create a bloom of multiple delicate petals, it is an exquisite gift for a mother, sister or friend to keep on a vanity",,,,28,NO SIZE,,,,1,false,false,false,false,,,,,,P0000000,,,,,,,,,,,0,4,,,
17120002,,,,,,818909017506,,,,,,,,,,Shagreen,,Mist,New,,,,,,,,,,,,,,,,,false,,,,,,,,,Home Décor  >  Shagreen Collection  >  Frames,597,,,,,,,,true,,,,,,,,,,,,,,,,,"<ul> 
<li>Embossed shagreen</li> 
<li>Brass hardware</li> 
<li>Suede lining</li> 
<li>Frame dimensions: 11.5"" x 9.5"" x 1.3""</li> 
<li>Holds photo size: 8"" x 10""</li> 
<li>Keep out of direct sunlight to avoid fading</li> 
</ul>",,,,,,,,1,375.0,,Classic Shagreen 8x10 Frame,false,,,,,true,,,,,,,,,,false,,isPublic,,Resin,,,,,,,,Frame,,,Light Blue,,,,,,,,,,true,,,,,,,,This modern yet classic frame juxtaposes the luxury and texture of embossed shagreen trimmed in polished brass. The versatile color elegantly displays a favorite family photo or a small piece of art.,,,,24,8x10,,,,1,false,false,false,false,,,,,,P0000000,,,,,,,,,,,0,30,,,
17222108,,,,,,756808033732,,,,ARN2301,,,,,,Beaumont,,,New,,,,,,,,,,"19""",,"7.5""",,,In 1 Week,,false,Wall Light,Gild,F3,,,,,,Lighting  >  Wall Lights  >  Sconce,6073,,,,,,,true,,true,,true,,,,,,,,true,,,,,,"<ul>
<li>Height: 19""</li>
<li>Width: 7.5""</li>
<li>Extension: 5.25""</li>
<li>Backplate: 4.25"" x 6.25"" Oval</li>
<li>Socket: E12 Candelabra</li>
<li>Wattage: 60 B</li>
</ul>",,ARN 2301G-L,,,,,,1,519.0,,Beaumont Medium Tail Sconce,false,ARN 2301G-L,,,,true,,,,,,,,,,false,,isPublic,,,,,,,,,,Sconce,,,,Gild,Linen,,,,,,,,true,,,Linen,S2,,,,"This stylish sconce brings a warm glow to any room. With clean lines and a linen shade, a subtle two-tiered design on its base adds a contemporary touch. ",,,,,,,,,1,false,false,false,false,,,,,,P0000000,,,,,,,,,,,0,,,,
18122315,,,,,,756808963695,,,,ARN5352,,,,,,Agnes,,,New,,,,,,,,,,,,"21""",,,In 1 Week,,false,Ceiling Light,Matte Black,F4,,,,,,Lighting  >  Ceiling Lights  >  Pendant,2524,,,,,,,true,,true,,true,,,,,,,,true,,,,,,"<ul>
<li>Overall Height: 50.5""</li>
<li>Fixture Height: 13.5""</li>
<li>Minimum Custom Height: 21""</li>
<li>Width: 21""</li>
<li>Canopy: 4.25"" Round</li>
<li>Socket: E26 Keyless</li>
<li>Wattage: 75 A</li>
</ul>",,ARN 5352MBK,,,,,,1,739.0,,Agnes Large Pendant,false,ARN 5352MBK,,,,true,,,,,,,,,,false,,isPublic,,,,,,,,,,Pendant,,,,Matte Black,,,,,,,,,true,,,NO SHADE,S1,,,,"The large Agnes ceiling light has a minimalist, bell-shaped design and a sleek finish. It is perfect for larger contemporary spaces. The contrasting interior and exterior is a stylish touch that provides additional character when the pendant is illuminated.",,,,,,,,,1,false,false,false,false,,,,,,P0000000,,,,,,,,,,,,,,,
18222155,,,,,,756808043090,,,,ARN5123,,,,,,Bonnington,,,New,,,,,,,,,,"14.25""",,"7.25""",,,In 8-10 Weeks,,false,Ceiling Light,Polished Nickel,F7,,,,,,Lighting  >  Ceiling Lights  >  Pendant,2524,,,,,,,true,,true,,true,,,,,,,,true,,,,,,"<ul>
<li>Height: 14.25""</li> 
<li>Width: 6.5""</li> 
<li>Canopy: 6"" Octagon</li> 
<li>Socket: E26 Keyless</li> 
<li>Wattage: 40 A</li> 
</ul>",,ARN 5123PN-CG,,,,,,1,1469.0,,Bonnington Small Pendant,false,ARN 5123PN-CG,,,,true,,,,,,,,,,false,,isPublic,,,,,,,,,,Pendant,,,,Polished Nickel,Crystal,,,,,,,,true,,,Crystal,S7,,,,"This elegant, mid-century modern-style pendant is created from six elongated crystals. It is a perfect solution for smaller rooms and staircases. ",,,,,,,,,1,false,false,false,false,,,,,,P0000000,,,,,,,,,,,,,,,
18222350,,,,,,756808963879,,,,ARN3608,,,,,,,,,,,,,,,,,,,"32.5""",,"18""",,,In 1 Week,,false,Table Lamp,Marbleized Sienna,F27,,,,,,Lighting  >  Table Lamps,4636,,,,,,,true,,true,,true,,,,,,,,true,,,,,,"<ul>
<li>Height: 32.5""</li>
<li>Width: 18""</li>
<li>Shade Details: 18"" x 18"" x 11""</li>
<li>Socket: E26 Dimmer</li>
<li>Wattage: 150 A</li>
</ul>",,ARN 3608MS-L,,,,,,1,529.0,,Culloden Table Lamp,false,ARN3608MS-L,,,,true,,,,,,,,,,false,,isPublic,,,,,,,,,,Table Lamp,,,,Marbleized Sienna,Linen,,,,,,,,true,,,Linen,S2,,,,"A simple, classic design with beautiful finishes, Culloden has endless appeal. Discreetly masculine, it has a faintly nautical element that works equally well in bucolic and urban environments.",,,,,,,,,1,false,false,false,false,,,,,,P0000000,,,,,,,,,,,0,,,,
16222118,,,,,,,,,,,,,,,AERIN,,,NO COLOR,,,2401413000002;24012528130;24012628910;16222115,,,,,,,,,,,,,,,false,Ceiling Light,,,,,,,,,,,,,,,,,,true,,,,,,,,,,,,,,,,"<ul>
<li>Height: 29.75""</li>
<li>Width: 32""</li>
<li>Canopy: 6.25"" Round</li>
<li>Socket: 4 - E12 Candelabra</li>
<li>Wattage: 4 - 40 B</li>
</ul>",,,,,,,,1,1379.0,,Benit Medium Sculpted Chandelier,,ARN 5426,,,,true,,,ground,,,,,,,false,,isPublic,,,,,,,,,,Chandelier,,,NO COLOR,,,,,,,,,,true,,//i1.adis.ws/i/aerin/16222118_4_2?h=200&w=200,,,,,,"Bring the feel of coastal living to your home with the Benit Pendant. Inspired by the surface of a shell, its stylized form has a beautiful organic appeal. A subtle piece that is perfect for a contemporary interior.",,,,28,NO SIZE,,,,1,false,false,false,false,,,,,,P0000000,,,,,,,,,,,,1,,,
24012628082,,,,,,756808946247,,,,ARN5204,,,,,,Fontaine,,,New,,,,,,,,,,"45.25""",,"34.25""",,,In 1 Week,,false,Ceiling Light,Gilded Plaster,F15,,,,,,Lighting  >  Ceiling Lights  >  Chandelier,2249,,,,,,,true,,true,,true,,,,,,,,true,,,,,,"<ul>
<li>Height: 45.25""</li>
<li>Width: 34.25""</li>
<li>Canopy: 5"" Round</li>
<li>Shade Details: 3"" x 5.5"" x 9.5""</li>
<li>Socket: 8 - E12 Candelabra</li>
<li>Wattage: 8 - 40 B</li>
</ul>",,ARN 5204GP-L,,,,,,1,1739.0,,Fontaine Vertical Chandelier,false,ARN 5204GP-L,,,,true,,,,,,,,,,false,,isPublic,,,,,,,,,,Chandelier,,,,Gilded Plaster,Linen,,,,,,,,true,,,Linen,S2,,,,"The vertical configuration of the Fontaine Vertical Chandelier is perfectly suited to high ceilings and staircases. Inspired by mid-century modern design, the asymmetrical approach with eight linen shades creates a bold, sculptural piece that brings character and style wherever it is placed.",,,,,,,,,1,false,false,false,false,,,,,,P0000000,,,,,,,,,,,,,,,
24042628112,,,,,,756808947343,,,,ARN2201,,,,,,Fontaine,,,New,,,,,,,,,,"14.25""",,"5.5""",,,In 1 Week,,false,Wall Light,Gilded Plaster,F15,,,,,,Lighting  >  Wall Lights  >  Sconce,6073,,,,,,,true,,true,,true,,,,,,,,true,,,,,,"<ul>
<li>Height: 14.25""</li>
<li>Width: 5.5""</li>
<li>Extension: 7.25""</li>
<li>Backplate: 5"" Round</li>
<li>Shade Details: 3"" x 5.5"" x 9.5""</li>
<li>Socket: E 12 Candelabra</li>
<li>Wattage: 40 B</li>
</ul>",,ARN 2201GP-L,,,,,,1,479.0,,Fontaine Single Sconce,false,ARN 2201GP-L,,,,true,,,,,,,,,,false,,isPublic,,,,,,,,,,Sconce,,,,Gilded Plaster,Linen,,,,,,,,true,,,Linen,S2,,,,"A versatile sconce in a classic design, the Fontaine Single Sconce works in any room, from a hallway to a bedroom to a living room. Subtly influenced by mid-century modern design, the conical shade and circular wall plate provide clean lines and a low profile that work well in any interior.",,,,,,,,,1,false,false,false,false,,,,,,P0000000,,,,,,,,,,,,,,,
17120126,,,,,,811858031173,,,,,,,,,,Raffia,,Natural,,,18122120;18120099;18120098;19122082,,,,,,,,,,,,,Available Now,,false,,,,,,,,,Home Décor  >  Rattan & Raffia Collection  >  Candles & Accessories  >  Candleholder,2784,,,,,,,,,,,,,,,,,,,,,,,,,"<ul> 
<li>Raffia</li> 
<li>Dimensions: 4.4""h x 3.3""d</li> 
<li>Dust with a soft cloth, do not soak in water</li>
<li>Fits AERIN 9.5oz size candles</li> 
<li>To use with flowers, place a glass container inside the sleeve</li>
</ul>",,,,,,,,1,45.0,,"Raffia Candle Sleeve, Large",false,,,,,true,,,,,,,,Wicker Candle Sleeve | AERIN,,false,,isPublic,,Raffia,,,,,,,,Candle Holder,,,NEUTRAL,,,,,,,,,,true,,//i1.adis.ws/i/aerin/17120126_2?h=200&w=200,,,,,,Add a natural look to home decor with this hand-woven raffia sleeve in a stylized circular design inspired by flowers. Use it to add interest to a simple glass candle holder or vase of flowers.,,,,27,Large,,,,1,false,false,false,false,,,,,,PH060754,,,,,,,,,,,0,6,,,
19122093,,,,,,811858031852,,,,,,,,,AERIN,,,,,,19122087;19122088;19122091;19122092,,,,,,,,,,,,,,,false,,,,,,,,,,,,,,,,,,,,,,,,,,,,,,,,,,,"<ul>
<li>Set of 4 coasters</li>
<li>Linen</li>
<li>Dimensions: 5.51"" diameter</li>
<li>Hand wash or dry clean</li>
<li>Made in Italy</li>
</ul>",,,,,,,,1,120.0,,"Round Scalloped Coaster, Set of 4",,,,,,true,,,,,,,,,,false,,,,,,,,,,,,,,,,,,,,,,,,,true,,//i1.adis.ws/i/aerin/19122093_9_2?h=200&w=200,,,,,,This set of four circular coasters adds an elegant touch to entertaining. Each coaster has a scalloped edge that has been meticulously embroidered and crafted into the shape of a flower.,,,,,,,,,1,false,false,false,false,,,,,,,,,,,,,,,,,,,,,
18122268,,,,,,756808038560,,,,ARN4003,,,,,,Mill,,,New,,,,,,,,,,"8.25""",,"15""",,,In 1 Week,,false,Ceiling Light,Plaster White,F5,,,,,,Lighting  >  Ceiling Lights  >  Flush Mount,2524,,,,,,,true,,true,,true,,,,,,true,,true,,,,,,"<ul>
<li>Height: 8.25""</li>
<li>Width: 15""</li>
<li>Socket: 3 - E12 Candelabra</li>
<li>Wattage: 3 - 60 T</li>
</ul>",,ARN 4003PW,,,,,,1,819.0,,Mill Small Flush Mount,false,ARN 4003PW,,,,true,,,,,,,,,,false,,isPublic,,,,,,,,,,Flush Mount,,,,Plaster White,,,,Lighting,,,,,true,,,NO SHADE,S1,,,,"This stylishly crafted flush mount lets the light shine through. The striated design creates a beguiling interplay between light and dark and adds a beautiful focal point, particularly in smaller rooms.",,,,,,,,,1,false,false,false,false,,,,,,P0000000,,,,,,,,,,,0,,,,
21231014,,,,,,811858037779,,,,,,,,,,,,,,,,,,,,,,,,,,,,Available Now,,false,,,,,,,,,,,,,,,,,,,,,,,,,,,,,,,,,,,,,,,,,,,1,350.0,,T-Strap Leather Sandal,false,,,,,true,,,,,,,,,,false,,isPublic,Exclusive,,,,,,,,,Sandals,,,WHITE,,,,,,,,,,true,,,,,,,,,,,,51,35.5,,,,1,false,false,false,false,,,,,,PC040100,,,,,,,,,,,,4,,,
18122192,,,,,,811858035980,,,,,,,,,,,,J,New,,,,,,,,,,,,,,,Available Now,,false,,,,,,,,,Tabletop & Bar  >  Table Linens  >  Napkin,4203,,,,,,,,,,,,,,,,,true,,,,,,,,"<ul> 
<li>Sold individually</li> 
<li>100% organic cotton</li> 
<li>Dimensions: 22"" x 22""</li> 
<li>Expect small imperfections due to the handmade process</li> 
<li>Made in India</li> 
</ul>",,AL-010/B,,,,,,1,65.0,,Rendezvous Scallop Edge Dinner Napkin,false,AL-010/B,,,,true,,,,,,,,,,false,,isPublic,,Cotton,,,,,,,,Napkin,,,WHITE,,,,,Tabletop & Bar,,,,,true,,//i1.adis.ws/i/aerin/18122204_3_2?h=200&w=200,,,,,,"These classic, scallop edge dinner napkins are an elegant addition to a table setting. Each napkin features a beautifully embroidered single letter, which allows you to highlight a family name or add a personalized touch for individual guests at an event. Crafted from Italian linen, they are a luxurious addition to entertaining.",,,,133,J,,,,1,false,false,false,false,,,,,,P0000000,,,,,,,,,,,,4,,,
19130003,,,,,,811858031708,,Adult,,,,,,,AERIN,,,Pink,New,,19133093;19133094;18230979;19133092,,,,,,,,,,,,,Available Now,,false,,,,Small Trimmed Raffia Pouch,,,,Female,Fashion  >  Raffia Collection  >  Pouches & Clutches  >  Pouch,3032,,,,,,,,,,,,,,,,,,,,,,,,,"<ul> 
<li>Raffia with 100% cotton lining</li>
<li>Zipper closure</li>
<li>Dimensions: 6.0""h x 8.5""w</li>
<li>Expect a slight variation in tone due to hand-woven techniques and the naturally occurring color differences in raffia</li>
</ul>",,,,,,,,1,65.0,,Small Trimmed Raffia Pouch,false,,,,,true,,,,,,,,,,false,,isPublic,,Raffia,,,,,,,,Pouch,,,PINK,,,,,,,,,,true,,//i1.adis.ws/i/aerin/19130003_2?h=200&w=200,,,,,,"A casual accessory with a natural touch, this woven raffia pouch has attractive border detailing and is enhanced with a raffia tassel and heart. It is the perfect size to hold small personal items such as keys, phone, and lip gloss while on vacation or at the weekend.",,,,25,Small,,,,1,false,false,false,false,,,,,,PC040204,,,,,,,,,,,0,8,,,
18222148,,,,,,756808043021,,,,ARN5032,,,,,,Clarkson,,,New,,,,,,,,,,,,"4.75""",,,In 5-6 Weeks,,false,Ceiling Light,Antique Brass,F6,,,,,,Lighting  >  Ceiling Lights  >  Pendant,2524,,,,,,,true,,true,,false,,,,,,,,true,,,,,,"<ul>
<li>Overall Height: 54""</li>
<li>Fixture Height: 18""</li>
<li>Min. Custom Height: 23""</li>
<li>Width: 4.75""</li>
<li>Canopy: 4.75"" Round</li>
<li>Socket: 2 - E12 Candelabra</li>
<li>Wattage: 2 - 40 B</li>
</ul>",,ARN 5032HAB/BLK,,,,,,1,819.0,,Clarkson Medium Narrow Pendant,false,ARN 5032HAB/BLK,,,,true,,,,,,,,,,false,,isPublic,,,,,,,,,,Pendant,,,,Antique Brass,Black,,,,,,,,true,,,Black,S8,,,,"Bring a stylish feel to smaller rooms or staircases with the Clarkson narrow pendant. Its simple yet effective design was inspired by a mid-century modern piece. ",,,,,,,,,1,false,false,false,false,,,,,,P0000000,,,,,,,,,,,,,,,
19122104,,,,,,811858032309,,,,,,,,,,Shagreen,,Dove,New,,,,,,,,,,,,,,,,,false,,,,,,,,,Home Décor  >  Shagreen Collection  >  Jewelry & Display Boxes,696,,,,,,,,true,,,,,,,,,,,,,,,,,"<ul> 
<li>Embossed shagreen</li> 
<li>Suede lining</li> 
<li>Dimensions: 5"" x 5"" x 3""</li> 
<li>Imported</li> 
</ul>",,,,,,,,1,175.0,,Shagreen Heart Box,false,,,,,true,,,,,,,,,,false,,isPublic,AerinsLove,Resin,,,,,,,,Jewelry Box,,,GRAY,,,,,,,,,,true,,,,,,,,"This pretty heart-shaped box is made of delicately embossed shagreen and is just the right size for essentials, from keys to jewelry. It adds a sweet touch of whimsy to any vanity or table. A perfect keepsake.",,,,28,NO SIZE,,,,1,false,false,false,false,,,,,,P0000000,,,,,,,,,,,,11,,,
18131676,,,,,,,,,,,,,,,AERIN,,,,,,18133510;17230372;17110019;17210061,,,,,,,,,,,,,,,false,,,,,,,,,,,,,,,,,,,,,,,,,,,,,,,,,,,"<ul> 
<li>Suede</li>
<li>Comes in a protective dust bag</li>
<li>Made in Italy</li>
</ul>",,,,,,,,1,295.0,,"Suede T-Strap Sandal, Saffron",,,,,,true,,,,,,,,,,false,,isPublic,,,,,,,,,,Sandal,,,Saffron,,,,,,,,,,true,,//i1.adis.ws/i/aerin/18131676_34_2?h=200&w=200,,,,,,"Comfortable and stylish, this suede t-strap sandal is a classic option for summer or a warm-weather getaway. Hugely versatile with a minimal design, it works perfectly daytime or evening. Crafted in San Mauro Pascoli, Italy, famed for its high quality leather.",,,,28,NO SIZE,,,,1,false,false,false,false,,,,,,PC040100,,,,,,,,,,,,34,,,
19130001,,,,,,811858031203,,Adult,,,,,,,,,,White,,,17230128;19130002;13004528052;19133092,,,,,,,,,,,,,Available Now,,false,,,,,,,,Female,Fashion  >  Adelina Collection  >  Pouches & Clutches  >  Pouch,3032,,,,,,,,,,,,,,,,,,,,,,,,,"<ul> 
<li>Wicker</li> 
<li>Brass</li> 
<li>Dimensions: 8"" x 4.5"" x 4.4""</li> 
<li>Made in Italy</li> 
</ul>",,,Raffia/Woven,,,,,1,385.0,,Adelina Wicker Clutch,false,,,,,true,,,,,,,,,,false,,isPublic,Exclusive,Wicker,,,,,,,,Clutch,,,WHITE,,,,,,,,,,true,,//i1.adis.ws/i/aerin/18130511_4_2?h=200&w=200,,,,,,"This classic clutch has a retro feel, having been crafted in an Italian workshop that has been working in wicker since the 1950s. Available in neutral shades, it is hugely versatile—perfect for a weekend brunch or a summer night out. The flat brass closure on the hard case is an additional stylish touch.",,,,28,NO SIZE,,,,1,false,false,false,false,,,,,,PC040204,,,,,,,,,,,,4,,,
18222147,,,,,,756808043014,,,,ARN3638,,,,,,,,,New,,,,,,,,,,"26.5""",,"17""",,,In 1 Week,,false,Table Lamp,Marion White,F32,,,,,,Lighting  >  Table Lamps,4636,,,,,,,true,,true,,false,,,,,,,,true,,,,,,"<ul>
<li>Height: 26.5""</li>
<li>Width: 17""</li>
<li>Base: 5.75"" x 9.5"" Oval</li>
<li>Shade Details: 16"" x 17"" x 17.5"" Oval</li>
<li>Socket: E26 Dimmer</li>
<li>Wattage: 100 A</li>
<li>Note: Reactive ceramic glazes will vary in color and texture</li>
</ul>",,ARN 3638MWT-L,,,,,,1,879.0,,Sumava Medium Table Lamp,false,ARN 3638MWT-L,,,,true,,,,,,,,,,false,,isPublic,,,,,,,,,,Table Lamp,,,,Marion White,Linen,,,,,,,,true,,,Linen,S2,,,,"With its beautiful natural base and texture, the Sumava brings an organic look to a room. Topped by a linen shade, the low, round design is a stylish source of light for side tables, sideboards, and buffets.",,,,,,,,,1,false,false,false,false,,,,,,P0000000,,,,,,,,,,,0,,,,
19222044,,,,,,811858032859,,,,,,,,,,Velvet,,Dusk Blue,New,,,,,,,,,,,,,,,Available Now,,false,,,,,,,,,Home Décor  >  Velvet Collection  >  Jewelry & Display Boxes  >  Jewelry Box,696,,,,,,,,,,,,,,,,,,,,,,,,,,,,Velvet,,,,,1,975.0,,Beauvais Velvet Jewelry Box,false,,,,,true,,,,,,,,,,false,,isPublic,,Velvet,,,,,,,,Jewelry Box,,,BLUE,,,,,,,,,,true,,,,,,,,,,,,28,NO SIZE,,,,1,false,false,false,false,,,,,,P0000000,,,,,,,,,,,,9,,,
18122288,,,,,,,,,,,,,,,AERIN,Arabelle,,NO COLOR,,,18122300;18122301;18122302;18122319,,,,,,,,,,,,,,,false,Ceiling Light,,,,,,,,,,,,,,,,,,true,,,,,,,,,,,,,,,,"<ul>
<li>Height: 8.25""</li>
<li>Width: 19.5""</li>
<li>Socket: 4 - E12 Candelabra</li>
<li>Wattage: 4 - 40 B</li>
</ul>",,,,,,,,1,739.0,,Arabelle Large Flush Mount,,,,true,,true,,,ground,,,,,,,false,,isPublic,,,,,,,,,,Flush Mount,,,NO COLOR,,,,,,,,,,true,,//i1.adis.ws/i/aerin/18122288_2_2?h=200&w=200,,,,,,The large Arabelle ceiling light is crafted in a stylized floral motif. It brings character to a room with its beautiful curving design. A perfect addition to a spacious interior.,,,,28,NO SIZE,,,,1,false,false,false,false,,,,,,P0000000,,,,,,,,,,,,1,,,
18120107,,,,,,818909019173,,,,,,,,,,Mayotte,,Gold,New,,18120108;18120056;18120045;18120079,,,,,,,,,,,,,Available Now,,false,,,,,,,,,Tabletop & Bar  >  Serveware  >  Chip and Dip Set,4026,,,,,,,,,,,,,,,,,,,,,,,,,"<ul> 
<li>Ceramic</li> 
<li>Dimensions: 14""l x 10.4""w x 1.8""h</li> 
<li>Made in Italy</li> 
</ul>",,,,,,,,1,325.0,,Mayotte Chip and Dip Set,false,,,,,true,,,,,,,,,,false,,isPublic,,Brass,,,,,,,,Chip and Dip Set,,,GOLD,,,,,,,,,,true,,//i1.adis.ws/i/aerin/18120107_2?h=200&w=200,,,,,,"Inspired by a vintage plate, the Mayotte Chip and Dip Set is a beautiful addition to home entertaining. The small square and larger rectangular plate are both framed in a matching bamboo design, hand painted in gold for a sophisticated, warm touch.",,,,28,NO SIZE,,,,1,false,false,false,false,,,,,,P0000000,,,,,,,,,,,,2,,,
17210062,,,,,,,,,,,,,,,AERIN,Fragrance Collection,,,,,,,,,,,,,,,,,,,,false,,,,,,,,,,,,,,,,,,,,,,,,,,,,,,,,,,,"<ul>   
<li>Scent: Solar Floral Amber</li>
<li>Notes: Lotus Flower, Hibiscus Palm, Ylang, Ginger, Frangipani, Coconut Milk, Vanilla, Musk</li>
</ul>",,,,,,,,1,135.0,,Hibiscus Palm,,,,,Solar Floral,true,,,,,,"Discover the AERIN Hibiscus Palm Eau de Perfume Spray and other luxury lifestyle goods from AERIN, with free shipping over $150 and 15% off your first order.",,AERIN Hibiscus Palm Eau de Perfume Spray - 1.7 oz,,false,,isPublic,,,,,,,Hibiscus-Palm-1.7oz-perfume@2x.png,Hibiscus-Palm-1.7oz-perfume@2x.png,Hibiscus-Palm-1.7oz-perfume@2x.png,Eau de Parfum,,,,,,,,,,Hibiscus Palm,,,true,,//i1.adis.ws/i/aerin/17210062_2_2?h=200&w=200,,,,,,"Hibiscus Palm takes you on a journey to a tropical island. Accords of Lotus Flower and Hibiscus Palm mingle with Ylang and Ginger to evoke golden beaches, lush palms, and exotic wild flowers.",,,,,,,,,1,false,false,false,false,,,,,,PC040202,,,,,,,,,,,0,,,,
21231009,,,,,,811858037823,,,,,,,,,,,,,,,,,,,,,,,,,,,,Available Now,,false,,,,,,,,,,,,,,,,,,,,,,,,,,,,,,,,,,,,,,,,,,,1,350.0,,T-Strap Leather Sandal,false,,,,,true,,,,,,,,,,false,,isPublic,Exclusive,,,,,,,,,Sandals,,,WHITE,,,,,,,,,,true,,,,,,,,,,,,56,38,,,,1,false,false,false,false,,,,,,PC040100,,,,,,,,,,,,4,,,
18122297,,,,,,,,,,,,,,,AERIN,Riga,,NO COLOR,,,18122298;18122299;18122300;18122301,,,,,,,,,,,,,,,false,Table Lamp,,,,,,,,,,,,,,,,,,true,,,,,,,,,,,,,,,,"<ul>
<li>Height: 33""</li>
<li>Width: 10""</li>
<li>Base: 7.5"" Round</li>
<li>Shade Details: 9.25"" x 10"" x 8.5""</li>
<li>Socket: E26 Dimmer</li>
<li>Wattage: 75 A</li>
</ul>",,,,,,,,1,819.0,,Riga Buffet Lamp,,,,true,,true,,,ground,,,,,,,false,,isPublic,,,,,,,,,,Buffet Lamp,,,NO COLOR,,,,,,,,,,true,,//i1.adis.ws/i/aerin/18122297_2_2?h=200&w=200,,,,,,"Simply elegant, the Riga is a timeless addition to any space. Its clean silhouette, with a base crafted from a narrow column of solid glass polished to a high shine, is topped by an ivory linen shade.",,,,28,NO SIZE,,,,1,false,false,false,false,,,,,,P0000000,,,,,,,,,,,0,1,,,
24012628071,,,,,,756808953498,,,,ARN5201,,,,,,Fontaine,,,New,,,,,,,,,,"39""",,"45.25""",,,In 1 Week,,false,Ceiling Light,Aged Iron,F14,,,,,,Lighting  >  Ceiling Lights  >  Chandelier,2249,,,,,,,true,,true,,true,,,,,,,,true,,,,,,"<ul>
<li>Height: 39""</li>
<li>Width: 45.25""</li>
<li>Canopy: 6"" Round</li>
<li>Shade Details: 3"" x 5.5"" x 9.5""</li>
<li>Socket: 6 - E 12 Candelabra</li>
<li>Wattage: 6 - 40 B</li>
</ul>",,ARN 5201AI-L,,,,,,1,1739.0,,Fontaine Linear Chandelier,false,ARN 5201AI-L,,,,true,,,,,,,,,,false,,isPublic,,,,,,,,,,Chandelier,,,,Aged Iron,Linen,,,,,,,,true,,,Linen,S2,,,,"Bring a dramatic look to a large room with the classic Fontaine Linear Chandelier. Streamlined and symmetrical, its six linen shades were inspired by mid-century modern design. Versatile enough to work in spacious living rooms, halls, and dining rooms.",,,,,,,,,1,false,false,false,false,,,,,,P0000000,,,,,,,,,,,,,,,
23114628065S,,,,,,818909015786,,,,,,,,,,Shagreen,,Cream,New,,,,,,,,,,,,,,,,,false,,,,,,,,,,Toys & Games > Games,,,,,,,,true,,,,,,,,,,,,,,,,,"<ul>
<li>Embossed shagreen, brass hardware, suede lining, inlaid burlwood</li>
<li>Dimensions: 16.3"" x 16.3"" x 3.3""</li>
<li>Clean shagreen with a damp cloth</li>
<li>Clean chess pieces with a dry cloth</li>
<li>Keep out of direct sunlight to avoid fading</li>
<li>Imported</li>
</ul>",,,,,,,,1,3250.0,,Shagreen Chess Set,false,,,,,true,,,,,,,,,,false,,isPublic,,Resin,,,,,,,,Game,,,CREAM,,,,,,,,,,true,,,,,,,,"Beautifully presented in a luxurious shagreen box with brass detailing, this chess set has been given a contemporary twist with streamlined chess pieces in gold-plated and black satin finishes. Timeless and stylish, this is a game that will be passed down through your family for generations.",,,,28,NO SIZE,,,,1,false,false,false,false,,,,,,P0000000,,,,,,,,,,,,19,,,
18122261,,,,,,756808038492,,,,ARN3042,,,,,,Lancelot,,,New,,,,,,,,,,"20.5""",,"6""",,,In 1 Week,,false,Table Lamp,Antique Brass,F6,,,,,,Lighting  >  Table Lamps  >  Desk Lamp,4636,,,,,,,true,,true,,true,,,,,,,,true,,,,,,"<ul>
<li>Height: 20.5""</li>
<li>Width: 6""</li>
<li>Extension: 7.5""</li>
<li>Base: 6"" Round</li>
<li>Socket: E 17 In-Line Switch</li>
<li>Wattage: 4.5W LED R14</li>
<li>Note: UL only</li>
</ul>",,ARN 3042HAB,,,,,,1,519.0,,Lancelot Pivoting Desk Lamp,false,ARN 3042HAB,,,,true,,,,,,,,,,false,,isPublic,,,,,,,,,,Desk Lamp,,,,Antique Brass,Antique Brass,,,,,,,,true,,//i1.adis.ws/i/aerin/18122298_2_2?h=200&w=200,NO SHADE,S1,,,,"Add style and retro appeal to a desk or table with this pivoting lamp. The sleek lines and cylindrical metallic shade show minimalist design at its best. An excellent task lamp, the movable shade allows you to concentrate light wherever it is required.",,,,,,,,,1,false,false,false,false,,,,,,P0000000,,,,,,,,,,,,,,,
17122170,,,,,,756808030823,,,,ARN2611,,,,,,,,,New,,,,,,,,,,"15""",,"4.5""",,,In 1 Week,,false,Wall Light,Polished Nickel,F7,,,,,,Lighting  >  Wall Lights  >  Sconce,6073,,,,,,,true,,true,,true,,,,,,,,true,,,,,,"<ul>
<li>Height: 15""</li>
<li>Width: 4.5""</li>
<li>Extension: 4.5""</li>
<li>Backplate: 4.5"" Round</li>
<li>Socket: 2 - E17 Keyless</li>
<li>Wattage: 2 - 40 T6.5</li>
<li>Note: UL only</li>
</ul>",,ARN 2611PN-WG,,,,,,1,479.0,,Penz Medium Cylindrical Sconce,false,ARN 2611PN-WG,,,,true,,,,,,,,,,false,,isPublic,,,,,,,,,,Sconce,,,,Polished Nickel,White Glass,,,,,,,,true,,,White Glass,S11,,,,"A contemporary, streamlined sconce that is hugely versatile. The Penz is an ideal light source in a bathroom or dressing room, as well as in any contemporary interior.",,,,,,,,,1,false,false,false,false,,,,,,P0000000,,,,,,,,,,,0,,,,
18222174,,,,,,,,,,,,,,,AERIN,,,NO COLOR,,,18222169;18222174;18222175;18222176,,,,,,,,,,,,,,,false,Wall Light,,,,,,,,,,,,,,,,,,true,,,,,,,,,,,,,,,,"<ul>
<li>Height: 19.5""</li>
<li>Width: 9""</li>
<li>Extension: 3.25""</li>
<li>Backplate: 5"" x 10"" Rectangle</li>
<li>Socket: E12 Candelabra</li>
<li>Wattage: 6.5 LED B</li>
<li>Note: Alabaster is a natural stone.  Variations in color and texture are expected</li>
</ul>",,,,,,,,1,519.0,,Dominica Rectangle Sconce,,ARN2920,,,,true,,,ground,,,,,,,false,,isPublic,,,,,,,,,,Sconce,,,NO COLOR,,,,,,,,,,true,,//i1.adis.ws/i/aerin/18222174_2_2?h=200&w=200,,,,,,"This elegant, rectangular sconce has a timeless quality. Simple design at its best, its subtle geometry works in most rooms and interior styles. The alabaster shade casts a warm light and provides a natural texture and quality.",,,,28,NO SIZE,,,,1,false,false,false,false,,,,,,P0000000,,,,,,,,,,,,1,,,
17222105,,,,,,,,,,,,,,,AERIN,Beaumont,,NO COLOR,,,17222110;17122145;17122142;17122139,,,,,,,,,,,,,,,false,Wall Light,,,,,,,,,,,,,,,,,,true,,,,,,,,,,,,,,,,"<ul>
<li>Height: 19""</li>
<li>Width: 7.5""</li>
<li>Extension: 5.25""</li>
<li>Backplate: 4.25"" x 6.25"" Oval</li>
<li>Socket: E12 Candelabra</li>
<li>Wattage: 60 B</li>
</ul>",,,,,,,,1,519.0,,Beaumont Medium Tail Sconce,,ARN 2301,,true,,true,,,ground,,,,,,,false,,isPublic,,,,,,,,,,Sconce,,,NO COLOR,,,,,,,,,,true,,,,,,,,"This stylish sconce brings a warm glow to any room. With clean lines and a linen shade, a subtle two-tiered design on its base adds a contemporary touch.",,,,28,NO SIZE,,,,1,false,false,false,false,,,,,,P0000000,,,,,,,,,,,,1,,,
19120106,,,,,,811858032323,,,,,,,,,,Shagreen,,Dove,New,,,,,,,,,,,,,,,Available Now,,false,,,,,,,,,Tabletop & Bar  >  Shagreen Collection  >  Barware  >  Ice Bucket,505806,,,,,,,,true,,,,,,,,,,,,,,,,,"<ul> 
<li>Embossed shagreen</li>
<li>Brass hardware</li>
<li>Dimensions: 6.4""l x 6.4""w x 8""h</li>
<li>Clean shagreen with a damp cloth</li>
<li>Keep out of direct sunlight to avoid fading</li>
</ul>",,,,,,,,1,625.0,,Shagreen Ice Bucket,false,,,,,true,,,,,,,,,,false,,isPublic,,Resin,,,,,,,,Ice Bucket,,,GRAY,,,,,,,,,,true,,,,,,,,"A rounded, stylish ice bucket made of shagreen, with a brass knob on the lid, and a double-walled stainless steel interior. Combine with other shagreen pieces in the AERIN barware collection to create an elegant home bar.",,,,28,NO SIZE,,,,1,false,false,false,false,,,,,,P0000000,,,,,,,,,,,,11,,,
19130143,,,,,,811858031890,,Adult,,,,,,,,,,Gold,New,,,,,,,,,,,,,,,Available Now,,false,,,,,,,,Female,Fashion  >  Shoes  >  Sandal,187,,,,,,,,,,,,,,,,,,,,,,,,,,,,Suede,,,,,1,350.0,,T-Strap Leather Sandal,false,gold leather,,,,true,,,,,,,,,,false,,isPublic,Exclusive,Suede,,,,,,,,Sandals,,,GOLD,,,,,,,,,,true,,,,,,,,,,,,62,41,,,,1,false,false,false,false,,,,,,PC040100,,,,,,,,,,,0,2,,,
16222083,,,,,,756808940207,,,,ARN1301,,,,,,Beaumont,,,New,,,,,,,,,,"62.75""",,"20""",,,In 1 Week,,false,Floor Lamp,Plaster White,F5,,,,,,Lighting  >  Floor Lamps,4636,,,,,,,true,,true,,true,,,,,,,,true,,,,,,"<ul>
<li>Height: 62.75""</li>
<li>Width: 20""</li>
<li>Base: 10.25"" Round</li>
<li>Socket: 2 - E26 Keyless w/ Dimmer</li>
<li>Wattage: 2 - 60 A</li>
</ul>",,ARN 1301WHT-L,,,,,,1,1159.0,,Beaumont Floor Lamp,false,ARN 1301WHT-L,,,,true,,,,,,,,,,false,,isPublic,,,,,,,,,,Floor Lamp,,,,Plaster White,Linen,,,,,,,,true,,,Linen,S2,,,,"This versatile floor lamp is a stylish addition to any room. With clean lines and a linen shade, a subtle three-tired design at the top of the stand adds a contemporary touch.",,,,,,,,,1,false,false,false,false,,,,,,P0000000,,,,,,,,,,,,,,,
17220012,,,,,,818909018183,,,,,,,,,,Shagreen,,Dove,New,,17220009;23090028230;17220028;23080028070,,,,,,,,,,,,,,,false,,,,,,,,,,Home & Garden > Decor > Decorative Trays,,,,,,,,true,,,,,,,,,,,,,,,,,"<ul> 
<li>Embossed shagreen</li> 
<li>Brass hardware</li> 
<li>Suede lining</li> 
<li>Dimensions: 8.3"" x 6.5"" x 1.5""</li> 
<li>Clean shagreen with a damp cloth</li> 
<li>Imported</li> 
</ul>",,,,,,,,1,250.0,,Shagreen Rectangular Vide Poche,false,,,,,true,,,,,,,,,,false,,isPublic,,Resin,,,,,,,,Tray,,,GRAY,,,,,,,,,,true,,,,,,,,"An elegant way to keep personal items organized on a hall table or desk. This vide poche has a luxurious shagreen finish and a classic, rectangular shape.",,,,28,NO SIZE,,,,1,false,false,false,false,,,,,,P0000000,,,,,,,,,,,,11,,,
18222121,,,,,,756808042758,,,,ARN2042,,,,,,Lancelot,,,New,,,,,,,,,,"7.5""",,"6.25""",,,In 1 Week,,false,Wall Light,Polished Nickel,F7,,,,,,Lighting  >  Wall Lights,6073,,,,,,,true,,true,,false,,,,,,,,true,,,,,,"<ul>
<li>Height: 7.5""</li>
<li>Width: 6.25""</li>
<li>Extension: 7.25""</li>
<li>Backplate: 6.25"" Round</li>
<li>Socket: E 17 Keyless</li>
<li>Wattage: 4.5 LED R14</li>
</ul>",,ARN 2042PN,,,,,,1,479.0,,Lancelot Pivoting Light,false,ARN 2042PN,,,,true,,,,,,,,,,false,,isPublic,,,,,,,,,,Wall Light,,,,Polished Nickel,,,,,,,,,true,,,NO SHADE,S1,,,,"This pivoting wall light directs light where you need it most, such as highlighting artwork. The sleek lines and cylindrical metallic shade show minimalist design at its best. ",,,,,,,,,1,false,false,false,false,,,,,,P0000000,,,,,,,,,,,,,,,
19122201,,,,,,756808951234,,,,ARN1027,,,,,,,,,,,,,,,,,,,"62.25""",,"27""",,,In 1 Week,,false,Floor Lamp,Aged Iron,F14,,,,,,Lighting  >  Floor Lamps,4636,,,,,,,true,,true,,true,,,,,,,,true,,,,,,"<ul>
<li>Height: 62.25""</li> 
<li>Width: 27""</li> 
<li>Base: 20"" Tripod</li> 
<li>Shade Details: 20"" x 27"" x 15.5""</li> 
<li>Socket: E26 Dimmer</li> 
<li>Wattage: 150 A</li> 
</ul>",,ARN 1027AI-L,,,,,,1,1049.0,,Lebon Floor Lamp,false,ARN 1027AI-L,,,,true,,,,,,,,,,false,,isPublic,,,,,,,,,,Floor Lamp,,,,Aged Iron,Linen,,,,,,,,true,,,Linen,S2,,,,A stylish floor lamp with tripod stand and linen shade that brings a contemporary look to a living room.,,,,,,,,,1,false,false,false,false,,,,,,P0000000,,,,,,,,,,,,,,,
18222135,,,,,,756808042895,,,,ARN2450,,,,,,,,,New,,,,,,,,,,"12""",,"12""",,,In 1 Week,,false,Wall Light,Gild,F3,,,,,,Lighting  >  Wall Lights,6073,,,,,,,true,,true,,true,,,,,,,,true,,,,,,"<ul>
<li>Height: 12""</li>
<li>Width: 12""</li>
<li>Extension: 3.75""</li>
<li>Backplate: 12"" Round</li>
<li>Socket: Dedicated LED</li>
<li>Wattage: 11w (1000lm)</li>
</ul>",,ARN 2450G,,,,,,1,579.0,,Gabriela Round Wall Washer,false,ARN 2450G,,,,true,,,,,,,,,,false,,isPublic,,,,,,,,,,Wall Light,,,,Gild,,,,,,,,,true,,,NO SHADE,S1,,,,"This circular wall light is a stylish addition to a room. Despite its minimal design, it has been constructed to cast light around its edge, which adds interest and character. The selection of finishes make this a versatile piece, allowing the wall light to stand out or blend in with its surroundings.",,,,,,,,,1,false,false,false,false,,,,,,P0000000,,,,,,,,,,,,,,,
24012628031,,,,,,756808953382,,,,ARN4306,,,,,,Arabelle,,,New,,,,,,,,,,"7.75""",,"13.5""",,,In 1 Week,,false,Ceiling Light,Burnished Silver Leaf,F2,,,,,,Lighting  >  Ceiling Lights  >  Flush Mount,2524,,,,,,,true,,true,,true,,,,,,,,true,,,,,,"<ul>
<li>Height: 7.75""</li>
<li>Width: 13.5""</li>
<li>Canopy: 10.75 Round""</li>
<li>Socket: 3 - E12 Candelabra</li>
<li>Wattage: 3 - 60 C</li>
</ul>",,ARN 4306BSL-FG,,,,,,1,629.0,,Arabelle Flush Mount,false,ARN 4306BSL-FG,,,,true,,,,,,,,,,false,,isPublic,,,,,,,,,,Flush Mount,,,,Burnished Silver Leaf,Frosted Acrylic,,,,,,,,true,,,Frosted Acrylic,S4,,,,The Arabelle ceiling light is shaped in a stylized floral motif. It brings character and a deco feel to a room with its beautiful curving design.,,,,,,,,,1,false,false,false,false,,,,,,P0000000,,,,,,,,,,,,,,,
18122260,,,,,,756808038485,,,,ARN3005,,,,,,Riga,,,New,,,,,,,,,,"33""",,"10""",,,In 1 Week,,false,Table Lamp,Polished Nickel and Crystal,F39,,,,,,Lighting  >  Table Lamps  >  Buffet Lamp,4636,,,,,,,true,,true,,true,,,,,,,,true,,,,,,"<ul>
<li>Height: 33""</li>
<li>Width: 10""</li>
<li>Base: 7.5"" Round</li>
<li>Shade Details: 9.25"" x 10"" x 8.5""</li>
<li>Socket: E26 Dimmer</li>
<li>Wattage: 75 A</li>
</ul>",,ARN 3005CG/PN-L,,,,,,1,819.0,,Riga Buffet Lamp,false,ARN 3005CG/PN-L,,,,true,,,,,,,,,,false,,isPublic,,,,,,,,,,Buffet Lamp,,,,Polished Nickel and Crystal,Linen,,,,,,,,true,,,Linen,S2,,,,"Simply elegant, the Riga is a timeless addition to any space. Its clean silhouette, with a base crafted from a narrow column of solid glass polished to a high shine, is topped by an ivory linen shade.",,,,,,,,,1,false,false,false,false,,,,,,P0000000,,,,,,,,,,,,,,,
24042628120,,,,,,,false,,,,,,,,AERIN,Fontaine,,,,,24012628060;24012628070;24012628080;24042628110,,,,,,,,,,,,,,,false,Wall Light,,,,,,,,,,,,,,,,,,true,,,,,false,,,false,,,,,,,,"<ul>
<li>Height: 14.25""</li>
<li>Width: 13.25""</li>
<li>Extension: 7.25""</li>
<li>Backplate: 5"" Round</li>
<li>Shade Details: 3"" x 5.5"" x 9.5""</li>
<li>Socket: 2 - E 12 Candelabra</li>
<li>Wattage: 2 - 40 B</li>
</ul>",,,,,,,,1,579.0,,Fontaine Double Sconce,,0,,true,,true,,,ground,,,,,,,false,,isPublic,,,,,,,,,,Sconce,,,,,,,,,,,,,true,,,,,,,,"The Fontaine Double Sconce is a stylish way to bring additional light to the darker corners of a room. Hugely versatile and subtly influenced by mid-century modern design, the two conical shades and circular wall plate provide a low profile that works well in any interior.",,,,,,,,,1,false,false,false,false,,,,,,P0000000,,,,,,,,,,,,,,,
18122286,,,,,,756808038782,,,,ARN5503,,,,,,Graphic,,,New,,,,,,,,,,,,"69.5""",,,In 1 Week,,false,Ceiling Light,Antique Brass,F6,,,,,,Lighting  >  Ceiling Lights  >  Chandelier,2249,,,,,,,true,,true,,false,,,,,,,,true,,,,,,"<ul>
<li>Overall Height: 69.75""</li>
<li>Fixture Height: 28.25""</li>
<li>Min. Custom Height: 50.5""</li>
<li>Width: 73""</li>
<li>Canopy: 7.75"" round</li>
<li>Socket: 16 - E12 Keyless</li>
<li>Wattage: 16 - 40 B</li>
<li>Note: UL only</li>
</ul>",,ARN 5503HAB-BLK,,,,,,1,5279.0,,Graphic Grande Four-Tier Chandelier,false,ARN 5503HAB-BLK,,,,true,,,,,,,,,,false,,isPublic,,,,,,,,,,Chandelier,,,,Antique Brass,Black,,,,,,,,true,,,Black,S8,,,,"Add a bold focal point to a room with this retro chandelier. The four tiers of multiple shades, each with a sleek, curved finish, focus light upwards to avoid glare.",,,,,,,,,1,false,false,false,false,,,,,,P0000000,,,,,,,,,,,,,,,
17222098,,,,,,756808033664,,,,ARN1013,,,,,,,,,New,,,,,,,,,,"55.25""",,"16""",,,In 5-6 Weeks,,false,Floor Lamp,Antique Brass,F6,,,,,,Lighting  >  Floor Lamps,4636,,,,,,,true,,true,,true,,,,,,,,true,,,,,,"<ul>
<li>Height: 55.25""</li>
<li>Width: 16""</li>
<li>Extension: 21.75""</li>
<li>Base: 16"" Triangle</li>
<li>Socket: E26 Foot Switch</li>
<li>Wattage: 60 A</li>
<li>Note: UL only</li>
</ul>",,ARN 1013HAB-WHT,,,,,,1,1379.0,,Mayotte Large Offset Floor Lamp,false,ARN 1013HAB-WHT,,,,true,,,,,,,,,,false,,isPublic,,,,,,,,,,Floor Lamp,,,,Antique Brass,White,,,,,,,,true,,,White,S10,,,,"This triple-legged floor lamp is an ideal light to sit behind a reading chair for precision illumination. Its stylish, curved shade and stand give it a Mid-Century Modern look.",,,,,,,,,1,false,false,false,false,,,,,,P0000000,,,,,,,,,,,0,,,,
16222080,,,,,,756808935685,,,,ARN1301,,,,,,Beaumont,,,New,,,,,,,,,,"62.75""",,"20""",,,In 1 Week,,false,Floor Lamp,Aged Iron,F14,,,,,,Lighting  >  Floor Lamps,4636,,,,,,,true,,true,,true,,,,,,,,true,,,,,,"<ul>
<li>Height: 62.75""</li>
<li>Width: 20""</li>
<li>Base: 10.25"" Round</li>
<li>Socket: 2 - E26 Keyless w/ Dimmer</li>
<li>Wattage: 2 - 60 A</li>
</ul>",,ARN 1301AI-L,,,,,,1,1159.0,,Beaumont Floor Lamp,false,ARN 1301AI-L,,,,true,,,,,,,,,,false,,isPublic,,,,,,,,,,Floor Lamp,,,,Aged Iron,Linen,,,,,,,,true,,,Linen,S2,,,,"This versatile floor lamp is a stylish addition to any room. With clean lines and a linen shade, a subtle three-tired design at the top of the stand adds a contemporary touch.",,,,,,,,,1,false,false,false,false,,,,,,P0000000,,,,,,,,,,,,,,,
18222115,,,,,,756808042697,,,,ARN2009,,,,,,Clarkson,,,New,,,,,,,,,,"17.75""",,"4.5""",,,In 1 Week,,false,Wall Light,Antique Brass,F6,,,,,,Lighting  >  Wall Lights  >  Sconce,6073,,,,,,,true,,true,,true,,,,,,,,true,,,,,,"<ul>
<li>Height: 17.75""</li>
<li>Width: 4.5""</li>
<li>Extension: 5.75""</li>
<li>Backplate: 4.5"" Round</li>
<li>Socket: 2 - E12 Candelabra</li>
<li>Wattage: 2 - 25 B</li>
<li>Note: UL only</li>
</ul>",,ARN 2009HAB/BLK,,,,,,1,699.0,,Clarkson Medium Narrow Sconce,false,ARN 2009HAB/BLK,,,,true,,,,,,,,,,false,,isPublic,,,,,,,,,,Sconce,,,,Antique Brass,Black,,,,,,,,true,,,Black,S8,,,,An elegant sconce that brings a classic look and a soft glow to larger hallways and rooms. Its design has a timeless appeal that works with most interiors.,,,,,,,,,1,false,false,false,false,,,,,,P0000000,,,,,,,,,,,,,,,
18122262,,,,,,756808038508,,,,ARN3042,,,,,,Lancelot,,,New,,,,,,,,,,"20.5""",,"6""",,,In 1 Week,,false,Table Lamp,Polished Nickel,F7,,,,,,Lighting  >  Table Lamps  >  Desk Lamp,4636,,,,,,,true,,true,,true,,,,,,,,true,,,,,,"<ul>
<li>Height: 20.5""</li>
<li>Width: 6""</li>
<li>Extension: 7.5""</li>
<li>Base: 6"" Round</li>
<li>Socket: E 17 In-Line Switch</li>
<li>Wattage: 4.5W LED R14</li>
<li>Note: UL only</li>
</ul>",,ARN 3042PN,,,,,,1,519.0,,Lancelot Pivoting Desk Lamp,false,ARN 3042PN,,,,true,,,,,,,,,,false,,isPublic,,,,,,,,,,Desk Lamp,,,,Polished Nickel,Polished Nickel,,,,,,,,true,,,NO SHADE,S1,,,,"Add style and retro appeal to a desk or table with this pivoting lamp. The sleek lines and cylindrical metallic shade show minimalist design at its best. An excellent task lamp, the movable shade allows you to concentrate light wherever it is required.",,,,,,,,,1,false,false,false,false,,,,,,P0000000,,,,,,,,,,,,,,,
19130145,,,,,,,,,,,,,,,,,,,,,,,,,,,,,,,,,,,,false,,,,,,,,,,,,,,,,,,,,,,,,,,,,,,,,,,,,,,,,,,,1,290.0,,"T Strap Suede Sandal, Gold",,,,,,true,,,,,,,,,,false,,,,,,,,,,,,,,,Sole,,,,,,,,,,true,,,,,,,,,,,,28,NO SIZE,,,,1,false,false,false,false,,,,,,PC040100,,,,,,,,,,,,44,,,
16222112,,,,,,,,,,,,,,,AERIN,Bonnington,,NO COLOR,,,16222111;24012628850;24012628880;2401413000005,,,,,,,,,,,,,,,false,Ceiling Light,,,,,,,,,,,,,,,,,,true,,,,,,,,,,,,,,,,"<ul>
<li>Height: 15.25""</li> 
<li>Width: 32""</li> 
<li>Canopy: 6"" Round</li> 
<li>Socket: Candelabra</li> 
<li>Wattage: 18 - 40 Watt Type C</li>
</ul>",,,,,,,,1,6109.0,,Bonnington Large Chandelier,,ARN 5125,,true,,true,,,ground,,,,,,,false,,isPublic,,,,,,,,,,Chandelier,,,NO COLOR,,,,,,,,,,true,,,,,,,,"A glamorous chandelier with a Mid-Century Modern appeal, the Bonnington is a stunning addition to a home, whether it is placed in a living or dining room. Two tiers of elongated crystals provide sparkle and style.",,,,28,NO SIZE,,,,1,false,false,false,false,,,,,,P0000000,,,,,,,,,,,,1,,,
18133510,,,,,,818909019852,,Adult,,,,,,,AERIN,,,Neutral,,,18133509;31002628550;31002628530;17210001,,,,,,,,,,,,,Available Now,,false,,,,,,,,Female,Fashion > Raffia Collection > Accessories > Keychain,175,,,,,,,,,,,,,,,,,,,,,,,,,"<ul>
 <li> Raffia</li>
 <li> Dimensions: 3.3"" x 5.5"" x 1.0"" (length includes keychain hardware)</li>
</ul>",,,Raffia/Woven,,,,,1,30.0,,Heart Raffia Keychain,,,,,,true,,,,,,Organize your keys or add a stylish touch to a bag by ordering a Heart Raffia Keychain from AERIN. The keychain features a raffia heart with a gold clasp.,,Heart Raffia Keychain with Gold Clasp - Neutral,,false,,isPublic,Exclusive,Raffia,,,,,,,,Keychain,,,NEUTRAL,,,,,,,,,,true,,//i1.adis.ws/i/aerin/18133510_2?h=200&w=200,,,,,,"Hand woven in raffia, this heart keychain with a gold clip is a fun way to personalize your keys, while also adding a stylish touch to a bag. It is a perfect keepsake to gift to a loved one.",,,,28,NO SIZE,,,,1,false,false,false,false,,,,,,P0000000,,,,,,,,,,,0,6,,,
19130107,,,,,,,,,,,,,,,,,,,,,,,,,,,,,,,,,,,,false,,,,,,,,,,,,,,,,,,,,,,,,,,,,,,,,,,,,,,,,,,,1,290.0,,"T Strap Suede Sandal, Sole, 37.5",,sole,,,,true,,,,,,,,,,false,,,,,,,,,,,,,,,Sole,,,,,,,,,,true,,,,,,,,,,,,55,37.5,,,,1,false,false,false,false,,,,,,PC040100,,,,,,,,,,,,44,,,
17222128,,,,,,756808033886,,,,ARN4010,,,,,,,,,New,,,,,,,,,,"10""",,"17.5""",,,In 1 Week,,false,Ceiling Light,Polished Nickel,F7,,,,,,Lighting  >  Ceiling Lights  >  Flush Mount,2524,,,,,,,true,,true,,true,,,,,,,,true,,,,,,"<ul>
<li>Height: 10""</li>
<li>Width: 17.5""</li>
<li>Socket: 4 - E12 Candelabra</li>
<li>Wattage: 4 - 60 B</li>
</ul>",,ARN 4010PN-WG,,,,,,1,1219.0,,Serein Large Flush Mount,false,ARN 4010PN-WG,,,,true,,,,,,,,,,false,,,,,,,,,,,,Flush Mount,,,,Polished Nickel,White Glass,,,,,,,,true,,,White Glass,S11,,,,The simple half globe of the Serein ceiling light is set in a circular mount for a classic look that works in both modern and traditional interiors. Its white glass illuminates with a beautiful warm glow.,,,,,,,,,1,false,false,false,false,,,,,,P0000000,,,,,,,,,,,0,,,,
17222129,,,,,,,,,,,,,,,AERIN,Bonnington,,NO COLOR,,,2401214000030;2401214000020;2401214000040;16222108,,,,,,,,,,,,,,,false,Ceiling Light,,,,,,,,,,,,,,,,,,true,,,,,,,,,,,,,,,,"<ul>
<li>Height: 8.25""</li> 
<li>Width: 14.25""</li> 
<li>Canopy: 6"" Round</li> 
<li>Wattage: 4 - 40B</li>
<li>Socket: 4-E12 Candelabra</li> 
</ul>",,,,,,,,1,1579.0,,Bonnington Small Flush Mount,,ARN 4124,,true,,true,,,ground,,,,,,,false,,isPublic,,,,,,,,,,Flush Mount,,,NO COLOR,,,,,,,,,,true,,,,,,,,This glamorous flush mount created from elongated crystals was influenced by Mid-Century Modern design. The Bonnington brings sparkle and style to any room.,,,,28,NO SIZE,,,,1,false,false,false,false,,,,,,P0000000,,,,,,,,,,,,1,,,
18222137,,,,,,756808042918,,,,ARN2450,,,,,,,,,New,,,,,,,,,,"12""",,"12""",,,In 1 Week,,false,Wall Light,Matte White,F11,,,,,,Lighting  >  Wall Lights,6073,,,,,,,true,,true,,true,,,,,,,,true,,,,,,"<ul>
<li>Height: 12""</li>
<li>Width: 12""</li>
<li>Extension: 3.75""</li>
<li>Backplate: 12"" Round</li>
<li>Socket: Dedicated LED</li>
<li>Wattage: 11w (1000lm)</li>
</ul>",,ARN 2450WHT,,,,,,1,579.0,,Gabriela Round Wall Washer,false,ARN 2450WHT,,,,true,,,,,,,,,,false,,isPublic,,,,,,,,,,Wall Light,,,,Matte White,,,,,,,,,true,,,NO SHADE,S1,,,,"This circular wall light is a stylish addition to a room. Despite its minimal design, it has been constructed to cast light around its edge, which adds interest and character. The selection of finishes make this a versatile piece, allowing the wall light to stand out or blend in with its surroundings.",,,,,,,,,1,false,false,false,false,,,,,,P0000000,,,,,,,,,,,,,,,
